name,state,category,rating,,,,,,,,,,Weighted_Average
Shri Sai Baba Temple Shirdi,Maharashtra,Hindu temple,4.7,,,,,,,,,,4.69
"Prasadalaya Shirdi , Saibaba Mandir",Maharashtra,Hindu temple,4.7,,,,,,,,,,4.69
Sai Heritage Village,Maharashtra,Heritage museum,4.3,,,,,,,,,,4.49
Shree Saibaba Chavadi,Maharashtra,Hindu temple,4.8,,,,,,,,,,4.69
Chhatrapati Sambhaji Park,Maharashtra,Garden,4.3,,,,,,,,,,4.35
Shri Khandoba Mandir,Maharashtra,Hindu temple,4.7,,,,,,,,,,4.69
Lendi Garden / Baug,Maharashtra,Park,4.5,,,,,,,,,,4.35
Dixit Wada Museum,Maharashtra,Museum,4.4,,,,,,,,,,4.49
Mehrangarh Fort,Rajasthan,Historical landmark,4.6,,,,,,,,,,4.51
Jaswant Thada,Rajasthan,Historical place museum,4.4,,,,,,,,,,4.51
Rao Jodha Desert Rock Park,Rajasthan,Park,4.2,,,,,,,,,,4.38
Toorji Ka Jhalra Bavdi,Rajasthan,Historical landmark,4.3,,,,,,,,,,4.51
Ummed Garden,Rajasthan,Park,4.2,,,,,,,,,,4.38
"Sardar Government Museum, Jodhpur",Rajasthan,Museum,4.3,,,,,,,,,,4.51
Sheesh Palace,Rajasthan,Museum,4.7,,,,,,,,,,4.51
Jai Pol,Rajasthan,Historical landmark,4.4,,,,,,,,,,4.51
Arulmigu Manakula Vinayagar Devasthanam,Puducherry,Hindu temple,4.7,,,,,,,,,,4.67
Bharathi Park Puducherry,Puducherry,Park,4.2,,,,,,,,,,4.44
Rock Beach,Puducherry,Public beach,4.5,,,,,,,,,,4.44
Puducherry Museum,Puducherry,Museum,4.1,,,,,,,,,,4.14
Immaculate Conception Cathedral,Puducherry,Catholic cathedral,4.5,,,,,,,,,,4.67
Sri Varadaraja Perumal Temple,Puducherry,Hindu temple,4.7,,,,,,,,,,4.67
Mahakavi Bharathiyar Memorial Centre,Puducherry,Museum,4.6,,,,,,,,,,4.14
Raja Dinkar Kelkar Museum,Maharashtra,Museum,4.4,,,,,,,,,,4.49
Osho Teerth Park,Maharashtra,Park,4.1,,,,,,,,,,4.35
Darshan Museum,Maharashtra,Museum,4.5,,,,,,,,,,4.49
Shaniwar Wada,Maharashtra,Historical landmark,4.3,,,,,,,,,,4.49
Katraj Lake,Maharashtra,Historical landmark,4.2,,,,,,,,,,4.49
Laal Mahal,Maharashtra,Historical landmark,4.5,,,,,,,,,,4.49
Shree Devdeveshwar Temple (Parvati Temple),Maharashtra,Hindu temple,4.5,,,,,,,,,,4.69
Bagul Udyan,Maharashtra,Park,4.2,,,,,,,,,,4.35
Vishrambaug Wada,Maharashtra,Historical landmark,4.3,,,,,,,,,,4.49
Mahatma Phule Museum,Maharashtra,Museum,4.1,,,,,,,,,,4.49
Parvati Hill,Maharashtra,Historical landmark,4.5,,,,,,,,,,4.49
Pashan Hill,Maharashtra,Park,4.5,,,,,,,,,,4.35
Peshwe Museum,Maharashtra,Museum,4.3,,,,,,,,,,4.49
Zero Stone,Maharashtra,Historical landmark,4.4,,,,,,,,,,4.49
Nana Wada,Maharashtra,Historical landmark,4.3,,,,,,,,,,4.49
Matheran Hill Station,Maharashtra,Hill station,4.5,,,,,,,,,,4.35
Matheran Shiv Mandir,Maharashtra,Hindu temple,4.2,,,,,,,,,,4.69
Panorama Point,Maharashtra,Scenic spot,4.6,,,,,,,,,,4.35
Madhavji Point,Maharashtra,Park,4.3,,,,,,,,,,4.35
Pay Master Park,Maharashtra,Park,4.2,,,,,,,,,,4.35
Pisarnath Mahadev Mandir,Maharashtra,Hindu temple,4.6,,,,,,,,,,4.69
Tapovan Temple,Uttarakhand,Hindu temple,4.3,,,,,,,,,,4.64
Tapkeshwar Mahadev Mandir,Uttarakhand,Hindu temple,4.7,,,,,,,,,,4.64
Malsi Deer Park,Uttarakhand,Park,4.1,,,,,,,,,,4.34
Jheel Clement Town,Uttarakhand,Nature preserve,4.3,,,,,,,,,,4.34
Khalanga War Memorial,Uttarakhand,Historical landmark,4.5,,,,,,,,,,4.49
Chandrabani Temple,Uttarakhand,Hindu temple,4.4,,,,,,,,,,4.64
Subir Raha Oil Museum,Uttarakhand,Museum,4.5,,,,,,,,,,4.49
Zonal Anthropological Museum,Uttarakhand,Museum,4.1,,,,,,,,,,4.49
Ajanta Caves Waterfall,Maharashtra,Scenic spot,4.5,,,,,,,,,,4.35
Upper View Point Ajanta Caves,Maharashtra,Vista point,4.6,,,,,,,,,,4.35
Ajanta Cave,Maharashtra,Archaeological site,4.7,,,,,,,,,,4.49
Middle View Point ( Ajanta Caves ),Maharashtra,Vista point,4.6,,,,,,,,,,4.35
Shri Garib Nath Mandir,Bihar,Hindu temple,4.7,,,,,,,,,,4.65
Shri Raj Rajeshwari Devi Temple,Bihar,Hindu temple,4.7,,,,,,,,,,4.65
Saraiyaganj Tower,Bihar,Historical landmark,4.2,,,,,,,,,,4.19
Shahid Khudiram Bose Smarak sthal,Bihar,Garden,4.1,,,,,,,,,,4.19
Ramchandra Shahi Sangrahalaya,Bihar,Museum,4.1,,,,,,,,,,4.19
Bharat Mata Naman Sthal,Bihar,Park,4.2,,,,,,,,,,4.19
City park,Bihar,Park,4.2,,,,,,,,,,4.19
Zakaria Colony Masjid dhkhry khlwny msjd,Bihar,Mosque,4.3,,,,,,,,,,4.65
"Shree Durga Temple,Katihar",Bihar,Hindu temple,4.6,,,,,,,,,,4.65
mnihaarii ghaatt (gNgaa),Bihar,Religious destination,4.2,,,,,,,,,,4.65
BARGANDI GARDEN (HIDDEN GARDEN),Bihar,Garden,4.2,,,,,,,,,,4.19
Swarna Jayanti Park,Bihar,Park,4.1,,,,,,,,,,4.19
Kelo Dam Park,Chhattisgarh,Park,4.1,,,,,,,,,,4.21
Kabir chowk,Chhattisgarh,Historical landmark,4.1,,,,,,,,,,4.33
Pahad Mandir (Hanumaan Temple),Chhattisgarh,Hindu temple,4.5,,,,,,,,,,4.49
Atal Rock Garden,Chhattisgarh,Garden,4.1,,,,,,,,,,4.21
Ambedkar chowk raigarh,Chhattisgarh,Garden,4.5,,,,,,,,,,4.21
Sinquerim Fort,Goa,Fortress,4.5,,,,,,,,,,4.25
Japanese Garden,Goa,Park,4.1,,,,,,,,,,4.44
Big Foot Goa,Goa,Museum,4.1,,,,,,,,,,4.25
Joggers Park,Goa,Park,4.4,,,,,,,,,,4.44
Siridao Rock Beach,Goa,Public beach,4.5,,,,,,,,,,4.44
Vasco Clock Tower,Goa,Historical landmark,4.1,,,,,,,,,,4.25
"BAPS Shri Swaminarayan Mandir, Rajkot",Gujarat,Hindu temple,4.6,,,,,,,,,,4.6
Mahatma Gandhi Museum,Gujarat,History museum,4.5,,,,,,,,,,4.35
Watson Museum,Gujarat,Museum,4.4,,,,,,,,,,4.35
Jubilee Garden,Gujarat,Garden,4.1,,,,,,,,,,4.4
Ishwariya Park,Gujarat,Park,4.5,,,,,,,,,,4.4
Prem Mandir,Gujarat,Catholic church,4.4,,,,,,,,,,4.6
Aji Park,Gujarat,Park,4.3,,,,,,,,,,4.4
Narshi Mehta Garden,Gujarat,Garden,4.4,,,,,,,,,,4.4
"Shree Ishwariya Mahadev Mandir , Rajkot",Gujarat,Hindu temple,4.6,,,,,,,,,,4.6
Tramba Triveni Sangam,Gujarat,Park,4.6,,,,,,,,,,4.4
Kaba Gandhi No Delo,Gujarat,Museum,4.7,,,,,,,,,,4.35
Aryabhatt Science Museum,Gujarat,Museum,4.2,,,,,,,,,,4.35
Rajkot garden,Gujarat,Garden,4.1,,,,,,,,,,4.4
Blue Step Garden,Gujarat,Park,4.5,,,,,,,,,,4.4
Akhnoor Fort,Jammu and Kashmir,Fortress,4.2,,,,,,,,,,4.5
Maharaja Hari Singh Ji Park,Jammu and Kashmir,Park,4.2,,,,,,,,,,4.41
Bagh-E-Bahu,Jammu and Kashmir,Park,4.4,,,,,,,,,,4.41
Amar Mahal Museum and Library,Jammu and Kashmir,Museum,4.2,,,,,,,,,,4.5
Mubarak Mandi Park,Jammu and Kashmir,Park,4.2,,,,,,,,,,4.41
Maha Maya Temple,Jammu and Kashmir,Hindu temple,4.8,,,,,,,,,,4.68
Bahu Fort Park,Jammu and Kashmir,Park,4.3,,,,,,,,,,4.41
Dogra Art Museum,Jammu and Kashmir,Heritage museum,4.2,,,,,,,,,,4.5
Gateway Of India Mumbai,Maharashtra,Historical landmark,4.6,,,,,,,,,,4.49
ISKCON Mandir - Juhu,Maharashtra,Hindu temple,4.7,,,,,,,,,,4.69
Chhatrapati Shivaji Maharaj Vastu Sangrahalaya,Maharashtra,History museum,4.6,,,,,,,,,,4.49
Priyadarshini Park,Maharashtra,Park,4.5,,,,,,,,,,4.35
Haji Ali Dargah,Maharashtra,Shrine,4.4,,,,,,,,,,4.69
ISKCON Chowpatty (Sri Sri Radha Gopinath Mandir),Maharashtra,Hindu temple,4.8,,,,,,,,,,4.69
Dr. Bhau Daji Lad Museum,Maharashtra,Museum,4.4,,,,,,,,,,4.49
Thiruchembur Murugan Temple,Maharashtra,Hindu temple,4.7,,,,,,,,,,4.69
National Museum of Indian Cinema,Maharashtra,Museum,4.6,,,,,,,,,,4.49
Mani Bhavan Gandhi Sangrahalaya,Maharashtra,Historical place museum,4.6,,,,,,,,,,4.49
Cathedral of the Holy Name,Maharashtra,Catholic cathedral,4.7,,,,,,,,,,4.69
Sanjay Gandhi National Park,Maharashtra,National park,4.3,,,,,,,,,,4.35
Band Stand,Maharashtra,Scenic spot,4.4,,,,,,,,,,4.35
Chatrapati Shivaji Maharaj Park,Maharashtra,Park,4.5,,,,,,,,,,4.35
Hanging Gardens,Maharashtra,Park,4.2,,,,,,,,,,4.35
Bandra Fort,Maharashtra,Fortress,4.4,,,,,,,,,,4.49
Chhatrapati Shivaji Maharaj Statue,Maharashtra,Historical landmark,4.5,,,,,,,,,,4.49
Vasai Fort,Maharashtra,Fortress,4.3,,,,,,,,,,4.49
Cross Maidan Garden,Maharashtra,Park,4.2,,,,,,,,,,4.35
Horniman Circle Garden,Maharashtra,Park,4.4,,,,,,,,,,4.35
BMC Nirvana Park,Maharashtra,Park,4.3,,,,,,,,,,4.35
Amarsons Garden,Maharashtra,Park,4.3,,,,,,,,,,4.35
Gol Deval Temple,Maharashtra,Hindu temple,4.3,,,,,,,,,,4.69
Veer Baji Prabhu Udyan,Maharashtra,Park,4.4,,,,,,,,,,4.35
Shiv Fort,Maharashtra,Fortress,4.2,,,,,,,,,,4.49
Worli Fort,Maharashtra,Fortress,4.2,,,,,,,,,,4.49
Shree Ghanteshwar Hanuman Mandir,Maharashtra,Hindu temple,4.7,,,,,,,,,,4.69
Juhu Garden,Maharashtra,Park,4.1,,,,,,,,,,4.35
Madh Fort,Maharashtra,Fortress,4.1,,,,,,,,,,4.49
Babu Amichand Panalal Adishwarji Jain Temple,Maharashtra,Jain temple,4.8,,,,,,,,,,4.69
Sagar Upvan Garden,Maharashtra,Garden,4.2,,,,,,,,,,4.35
Film City View,Maharashtra,Scenic spot,4.3,,,,,,,,,,4.35
Fort George,Maharashtra,Fortress,4.5,,,,,,,,,,4.49
Hutatma Memorial Statue,Maharashtra,Historical landmark,4.4,,,,,,,,,,4.49
Bomanjee Hormarjee Wadia Clock Tower,Maharashtra,Historical landmark,4.4,,,,,,,,,,4.49
Udayagiri and Khandagiri Caves,Odisha,Historical landmark,4.4,,,,,,,,,,4.46
State Tribal Museum,Odisha,Museum,4.6,,,,,,,,,,4.46
Dhauli Shanti Stupa,Odisha,Historical landmark,4.5,,,,,,,,,,4.46
Biju Patnaik Park,Odisha,Park,4.5,,,,,,,,,,4.49
Sri Ram Temple,Odisha,Hindu temple,4.7,,,,,,,,,,4.69
"Shree Mukteswara Temple, Bhubaneswar",Odisha,Hindu temple,4.7,,,,,,,,,,4.69
Bhaskareswara Temple,Odisha,Hindu temple,4.7,,,,,,,,,,4.69
Shree Bramheswara Temple,Odisha,Hindu temple,4.6,,,,,,,,,,4.69
Parsurameswara Temple,Odisha,Hindu temple,4.6,,,,,,,,,,4.69
Rani Gumpha,Odisha,Historical landmark,4.5,,,,,,,,,,4.46
Khanduali Temple,Odisha,Hindu temple,4.6,,,,,,,,,,4.69
Devi Padahara Pond (debii paadhraa pusskrinnii),Odisha,Historical landmark,4.3,,,,,,,,,,4.46
Honey Museum Wayanad,Kerala,Museum,4.8,,,,,,,,,,4.42
Attamala View Point,Kerala,Vista point,4.5,,,,,,,,,,4.43
Lakkidi View Point,Kerala,Scenic spot,4.5,,,,,,,,,,4.43
Meenmutty View Point,Kerala,Nature preserve,4.2,,,,,,,,,,4.43
PAZHASSI RAJA MEMORIAL,Kerala,Museum,4.3,,,,,,,,,,4.42
Wayanad view point,Kerala,Vista point,4.7,,,,,,,,,,4.43
Sunrise Valley View Point,Kerala,Scenic spot,4.2,,,,,,,,,,4.43
Jim Corbett National Park,Uttarakhand,National park,4.4,,,,,,,,,,4.34
Holi Gate,Uttar Pradesh,Historical landmark,4.4,,,,,,,,,,4.5
"Chinta Haran Mahadev, Mathura",Uttar Pradesh,Hindu temple,4.7,,,,,,,,,,4.69
"Government Museum, Mathura",Uttar Pradesh,Archaeological museum,4.3,,,,,,,,,,4.5
"Shri Bhuteshwar Mahadev Temple, Mathura",Uttar Pradesh,Hindu temple,4.7,,,,,,,,,,4.69
Basantar Park,Uttar Pradesh,Park,4.2,,,,,,,,,,4.29
Tulsi Van,Uttar Pradesh,Park,4.8,,,,,,,,,,4.29
"Khandoli Park, Giridih",Jharkhand,Park,4.1,,,,,,,,,,4.28
Kabir Gyan Mandir,Jharkhand,Hindu temple,4.6,,,,,,,,,,4.63
Thangkharang Park,Meghalaya,Park,4.3,,,,,,,,,,4.4
Mawkdok Dympep Valley View Point,Meghalaya,Vista point,4.5,,,,,,,,,,4.4
Mawsmai Nongthymmai Eco Park,Meghalaya,Ecological park,4.3,,,,,,,,,,4.4
Eco Park,Meghalaya,Park,4.3,,,,,,,,,,4.4
View Point Of Cherrapunjee,Meghalaya,Scenic spot,4.5,,,,,,,,,,4.4
Bangladesh Plains View Point,Meghalaya,Park,4.4,,,,,,,,,,4.4
Mot I pun / Palong Park,Meghalaya,Park,4.6,,,,,,,,,,4.4
Maharaja Fateh Singh Museum,Gujarat,Museum,4.2,,,,,,,,,,4.35
Nature Education Park,Gujarat,Nature preserve,4.1,,,,,,,,,,4.4
Sayaji Baug Health Museum,Gujarat,Museum,4.4,,,,,,,,,,4.35
Laxmi Vilas Palace,Gujarat,Heritage building,4.4,,,,,,,,,,4.35
Kirti Stambh,Gujarat,Historical landmark,4.4,,,,,,,,,,4.35
Radhakrishna (Akota) Garden,Gujarat,Garden,4.2,,,,,,,,,,4.4
Sayaji Garden,Gujarat,Garden,4.5,,,,,,,,,,4.4
EME Temple,Gujarat,Hindu temple,4.7,,,,,,,,,,4.6
ISKCON Temple,Gujarat,Hindu temple,4.7,,,,,,,,,,4.6
Vidhyadhar Vaav (Stepwell) at Sevasi,Gujarat,Historical landmark,4.3,,,,,,,,,,4.35
Nimeta Garden,Gujarat,Garden,4.2,,,,,,,,,,4.4
Sur Sagar Lake,Gujarat,Lake,4.5,,,,,,,,,,4.4
Nandalay Temple,Gujarat,Hindu temple,4.6,,,,,,,,,,4.6
Jagnath Mahadev Mandir - Navnath,Gujarat,Hindu temple,4.7,,,,,,,,,,4.6
Kamati Baug Vadodra,Gujarat,Park,4.5,,,,,,,,,,4.4
Siddhivinayak Temple,Gujarat,Hindu temple,4.7,,,,,,,,,,4.6
Nandan Kanan Park,Gujarat,Park,4.4,,,,,,,,,,4.4
Shri Rameshwar Mahadev Temple,Gujarat,Hindu temple,4.5,,,,,,,,,,4.6
"VAYA Hanuman Temple, Deluxe, Nizampura",Gujarat,Hindu temple,4.6,,,,,,,,,,4.6
Surya Narayan Temple,Gujarat,Hindu temple,4.4,,,,,,,,,,4.6
Sai Baba Temple,Gujarat,Hindu temple,4.7,,,,,,,,,,4.6
Surpaneshwar Mahadev Temple,Gujarat,Hindu temple,4.5,,,,,,,,,,4.6
Kodaikanal Solar Observatory Museum,Tamil Nadu,Observatory,4.3,,,,,,,,,,4.41
"Government Rose Garden , Kodaikanal",Tamil Nadu,Park,4.2,,,,,,,,,,4.41
Bryant Park,Tamil Nadu,Park,4.2,,,,,,,,,,4.41
Kodaikanal Hill Station,Tamil Nadu,Hill station,4.6,,,,,,,,,,4.41
Kodaikanal Lake,Tamil Nadu,Lake,4.5,,,,,,,,,,4.41
Kurinji Andavar Temple,Tamil Nadu,Hindu temple,4.7,,,,,,,,,,4.69
Chettiar Park,Tamil Nadu,Park,4.1,,,,,,,,,,4.41
punnnit iruty klluuri arungkaattciykm,Tamil Nadu,Museum,4.3,,,,,,,,,,4.37
Natural History Museum,Tamil Nadu,Museum,4.4,,,,,,,,,,4.37
Sarts gallery,Tamil Nadu,Park,4.3,,,,,,,,,,4.41
Poondi,Tamil Nadu,Garden,4.6,,,,,,,,,,4.41
CSI Christ the King Church Kodaikanal,Tamil Nadu,Church,4.6,,,,,,,,,,4.69
Mahakaleshwar Jyotirlinga,Madhya Pradesh,Hindu temple,4.8,,,,,,,,,,4.74
"Shri Chintaman Ganesh Temple, Ujjain",Madhya Pradesh,Hindu temple,4.7,,,,,,,,,,4.74
"ISKCON Temple, Ujjain",Madhya Pradesh,Hindu temple,4.7,,,,,,,,,,4.74
Triveni Museum,Madhya Pradesh,Museum,4.5,,,,,,,,,,4.43
"Shree Kaal Bhairav Mandir, Ujjain",Madhya Pradesh,Hindu temple,4.7,,,,,,,,,,4.74
Mahakal Lok,Madhya Pradesh,Religious destination,4.8,,,,,,,,,,4.74
Jai Maa Gadhkalika Mata Mandir,Madhya Pradesh,Hindu temple,4.7,,,,,,,,,,4.74
"Jantar Mantar, Ujjain",Madhya Pradesh,Observatory,4.3,,,,,,,,,,4.34
Ujjain Temple,Madhya Pradesh,Hindu temple,4.7,,,,,,,,,,4.74
Chamunda Mata Mandir,Madhya Pradesh,Hindu temple,4.6,,,,,,,,,,4.74
Do taalaab,Madhya Pradesh,Park,4.3,,,,,,,,,,4.34
Muskan yatri grah ( guest house),Madhya Pradesh,Hindu temple,4.5,,,,,,,,,,4.74
Prashanti Dham,Madhya Pradesh,Hindu temple,4.5,,,,,,,,,,4.74
bhaart rtn shrddhey attl bihaarii vaajpeyii anubhuuti udyaan Atal Park,Madhya Pradesh,Park,4.6,,,,,,,,,,4.34
Gandhi Bal Udhyan,Madhya Pradesh,Park,4.1,,,,,,,,,,4.34
Vikram Kirti Mandir,Madhya Pradesh,Museum,4.2,,,,,,,,,,4.43
Ujjain Tower,Madhya Pradesh,Historical landmark,4.5,,,,,,,,,,4.43
Shree Bada Ganesh Mandir,Madhya Pradesh,Hindu temple,4.7,,,,,,,,,,4.74
"Shri Chaubis Khamba Mata Temple, Ujjain",Madhya Pradesh,Hindu temple,4.5,,,,,,,,,,4.74
Nehru Park,Madhya Pradesh,Park,4.1,,,,,,,,,,4.34
Chakor Park Ground,Madhya Pradesh,Park,4.2,,,,,,,,,,4.34
Triveni Ghat,Madhya Pradesh,Hindu temple,4.3,,,,,,,,,,4.74
Nagchandreshwar Mandir,Madhya Pradesh,Hindu temple,4.7,,,,,,,,,,4.74
"Nagarkot Ki Rani Temple, Ujjain",Madhya Pradesh,Hindu temple,4.5,,,,,,,,,,4.74
Lotus lake,Madhya Pradesh,Park,4.4,,,,,,,,,,4.34
Yantra Mahal,Madhya Pradesh,Observatory,4.3,,,,,,,,,,4.34
raamghaatt ujjain,Madhya Pradesh,Hindu temple,4.6,,,,,,,,,,4.74
Arulmigu Sri Parthasarathy Perumal Temple Tiruvallikeni,Tamil Nadu,Hindu temple,4.7,,,,,,,,,,4.69
Government Museum Chennai,Tamil Nadu,Art museum,4.3,,,,,,,,,,4.37
Vivekananda House,Tamil Nadu,Museum,4.5,,,,,,,,,,4.37
"Secretariat Park, Chennai",Tamil Nadu,Park,4.4,,,,,,,,,,4.41
Fort St.George Museum,Tamil Nadu,Museum,4.2,,,,,,,,,,4.37
Kannagi Statue,Tamil Nadu,Historical landmark,4.4,,,,,,,,,,4.37
Namgyal Monastery,Himachal Pradesh,Monastery,4.6,,,,,,,,,,4.59
Naddi Hill Point Mcleod Ganj,Himachal Pradesh,Scenic spot,4.5,,,,,,,,,,4.49
Naddi View Point,Himachal Pradesh,Scenic spot,4.5,,,,,,,,,,4.49
Tsuglagkhang Complex Dalai Lama Temple,Himachal Pradesh,Monastery,4.6,,,,,,,,,,4.59
Kalachakra temple,Himachal Pradesh,Buddhist temple,4.5,,,,,,,,,,4.59
Dip Tse Chok Ling,Himachal Pradesh,Buddhist temple,4.4,,,,,,,,,,4.59
Shiva Temple,Himachal Pradesh,Hindu temple,4.5,,,,,,,,,,4.59
Dasve View Point,Maharashtra,Scenic spot,4.4,,,,,,,,,,4.35
Lavasa Nature Trail,Maharashtra,Park,4.3,,,,,,,,,,4.35
Mahamaya Temple,Chhattisgarh,Hindu temple,4.6,,,,,,,,,,4.49
Oxygen Park,Chhattisgarh,Park,4.1,,,,,,,,,,4.21
Sanitary Park,Chhattisgarh,Park,4.2,,,,,,,,,,4.21
Bhuri Singh Museum,Himachal Pradesh,Museum,4.3,,,,,,,,,,4.55
Nomadic Dalhousie,Himachal Pradesh,Hiking area,4.6,,,,,,,,,,4.49
Beeji's Park,Himachal Pradesh,Park,4.5,,,,,,,,,,4.49
St. John's Church,Himachal Pradesh,Anglican church,4.2,,,,,,,,,,4.59
Kalatop Forest,Himachal Pradesh,National forest,4.4,,,,,,,,,,4.49
Dalhousie Cantonment Forest,Himachal Pradesh,Nature preserve,4.5,,,,,,,,,,4.49
Chamera Lake view point,Himachal Pradesh,Scenic spot,4.4,,,,,,,,,,4.49
St. Francis Church,Himachal Pradesh,Catholic church,4.5,,,,,,,,,,4.59
Church Park,Himachal Pradesh,Park,4.1,,,,,,,,,,4.49
Kaziranga National Park,Assam,National park,4.5,,,,,,,,,,4.49
"Christ Church, Kasauli",Himachal Pradesh,Church,4.5,,,,,,,,,,4.59
Shirdi Sai Baba Mandir,Himachal Pradesh,Hindu temple,4.6,,,,,,,,,,4.59
SUN RISE SNACKS TEA MAGGI POINT,Himachal Pradesh,Nature preserve,4.5,,,,,,,,,,4.49
Gilbert Nature Trail,Himachal Pradesh,Hiking area,4.5,,,,,,,,,,4.49
"Manki Point, Sanjeevni Hanuman Temple, Kasauli",Himachal Pradesh,Hindu temple,4.6,,,,,,,,,,4.59
Timber Trail Kasauli,Himachal Pradesh,Nature preserve,4.3,,,,,,,,,,4.49
Leisure Valley,Chandigarh,Park,4.4,,,,,,,,,,4.37
Topiary Park,Chandigarh,Park,4.2,,,,,,,,,,4.37
Garden of Silence,Chandigarh,Garden,4.5,,,,,,,,,,4.37
Garden of Fragrance,Chandigarh,Park,4.6,,,,,,,,,,4.37
Government Museum and Art Gallery,Chandigarh,Art museum,4.4,,,,,,,,,,4.41
Bougainvillea Park,Chandigarh,Park,4.4,,,,,,,,,,4.37
Butterfly Park,Chandigarh,Park,4.1,,,,,,,,,,4.37
Shanti Kunj Park,Chandigarh,Park,4.4,,,,,,,,,,4.37
Le Corbusier Centre,Chandigarh,History museum,4.4,,,,,,,,,,4.41
Open Hand Monument,Chandigarh,Monument,4.5,,,,,,,,,,4.41
Hibiscus Garden,Chandigarh,Garden,4.4,,,,,,,,,,4.37
"Rag Doll museum, Rock garden",Chandigarh,Museum,4.5,,,,,,,,,,4.41
Tank Monument,Chandigarh,Monument,4.3,,,,,,,,,,4.41
Srikrishna Museum,Haryana,Museum,4.5,,,,,,,,,,4.44
Khwaja Khizr Tomb,Haryana,Historical landmark,4.2,,,,,,,,,,4.44
Bhindawas Bird Sanctuary - RAMSAR Wetland,Haryana,National park,4.3,,,,,,,,,,4.27
"Gurudwara 10th Paatshahi Sri Nada Sahib, Panchkula",Haryana,Gurudwara,4.9,,,,,,,,,,4.82
"Yadavindra Gardens, Pinjore",Haryana,Garden,4.3,,,,,,,,,,4.27
Tau Devilal Town Park Faridabad (Haryana),Haryana,Park,4.3,,,,,,,,,,4.27
Mansarovar Park,Delhi,Park,4.4,,,,,,,,,,4.29
Sultanpur National Park,Haryana,National park,4.2,,,,,,,,,,4.27
Tau Devi Lal Park,Haryana,Park,4.3,,,,,,,,,,4.27
Barsi Gate,Haryana,Historical landmark,4.4,,,,,,,,,,4.44
O P Jindal Gyan Kendra,Haryana,Museum,4.4,,,,,,,,,,4.44
City Park,Haryana,Park,4.1,,,,,,,,,,4.27
Sardar Patel Park,Haryana,Park,4.1,,,,,,,,,,4.27
Panchwati Mandir,Haryana,Hindu temple,4.7,,,,,,,,,,4.82
Tosham Lake,Haryana,Park,4.3,,,,,,,,,,4.27
Karna Lake Karnal,Haryana,Park,4.3,,,,,,,,,,4.27
Kala Amb Park,Haryana,Park,4.2,,,,,,,,,,4.27
Harsh Ka Tila,Haryana,Historical landmark,4.4,,,,,,,,,,4.44
Bhondsi Nature Park,Haryana,Park,4.6,,,,,,,,,,4.27
Deer Park,Haryana,Park,4.2,,,,,,,,,,4.27
City Palace,Rajasthan,Castle,4.5,,,,,,,,,,4.51
Wax Museum Udaipur,Rajasthan,Wax museum,4.7,,,,,,,,,,4.51
Sajjangarh Monsoon Palace,Rajasthan,Castle,4.4,,,,,,,,,,4.51
Saheliyon ki bari,Rajasthan,Garden,4.4,,,,,,,,,,4.38
Jagmandir,Rajasthan,Castle,4.4,,,,,,,,,,4.51
Sukhadia Circle Statue,Rajasthan,Park,4.4,,,,,,,,,,4.38
"Karni Mata Temple, Udaipur",Rajasthan,Hindu temple,4.6,,,,,,,,,,4.67
Navlakha Mahal (Satyarth Prakash Nyas),Rajasthan,Historical place museum,4.9,,,,,,,,,,4.51
Ahar Museum,Rajasthan,Archaeological museum,4.3,,,,,,,,,,4.51
Manik Lal Verma Park,Rajasthan,Park,4.2,,,,,,,,,,4.38
Pandit Deendayal Upadhyay Park,Rajasthan,Park,4.3,,,,,,,,,,4.38
Udaipur Solar Observatory,Rajasthan,Observatory,4.4,,,,,,,,,,4.38
Jagdish Temple,Rajasthan,Hindu temple,4.7,,,,,,,,,,4.67
Gangour Ghat,Rajasthan,Historical landmark,4.5,,,,,,,,,,4.51
Rajiv Gandhi Garden,Rajasthan,Park,4.2,,,,,,,,,,4.38
Bagore Ki Haveli,Rajasthan,Museum,4.5,,,,,,,,,,4.51
Mahakaleshwar Temple,Rajasthan,Hindu temple,4.8,,,,,,,,,,4.67
Ghantaghar,Rajasthan,Historical landmark,4.3,,,,,,,,,,4.51
Sajjangarh Wildlife Sanctuary,Rajasthan,Wildlife refuge,4.3,,,,,,,,,,4.38
Nehru Garden,Rajasthan,Park,4.1,,,,,,,,,,4.38
Pratap Park,Rajasthan,Ecological park,4.1,,,,,,,,,,4.38
Sunset Point Park Udaipur,Rajasthan,Garden,4.6,,,,,,,,,,4.38
"Amrakh Ji Mahadev Temple Amberi, Udaipur",Rajasthan,Hindu temple,4.8,,,,,,,,,,4.67
Guru Gobind Singh Park,Rajasthan,Park,4.4,,,,,,,,,,4.38
Shree Mahalaxmi Mandir Udaipur,Rajasthan,Hindu temple,4.8,,,,,,,,,,4.67
Sita Mata Mandir,Rajasthan,Hindu temple,4.2,,,,,,,,,,4.67
Nature Park,Rajasthan,Park,4.2,,,,,,,,,,4.38
Lake Garden,Rajasthan,Park,4.4,,,,,,,,,,4.38
Corbyn's Cove Beach,Andaman and Nicobar Islands,Public beach,4.2,,,,,,,,,,4.27
Marina Park,Andaman and Nicobar Islands,Park,4.4,,,,,,,,,,4.27
Naval Marine Museum Samudrika,Andaman and Nicobar Islands,Museum,4.3,,,,,,,,,,4.29
Gandhi Park,Andaman and Nicobar Islands,Park,4.1,,,,,,,,,,4.27
Mount Manipur National Park,Manipur,National park,4.5,,,,,,,,,,4.5
Mahatma Gandhi Marine National Park,Andaman and Nicobar Islands,National park,4.5,,,,,,,,,,4.27
Forest Museum,Andaman and Nicobar Islands,Museum,4.2,,,,,,,,,,4.29
"Sri Vetrimalai Murugan Temple, rii verrrrimlai muruknnn tirukkoovil",Andaman and Nicobar Islands,Hindu temple,4.6,,,,,,,,,,4.6
Veer Savarkar Park,Andaman and Nicobar Islands,Park,4.5,,,,,,,,,,4.27
View Point for North Bay,Andaman and Nicobar Islands,Scenic spot,4.7,,,,,,,,,,4.27
Taj Mahal,Uttar Pradesh,Monument,4.6,,,,,,,,,,4.5
Agra Fort,Uttar Pradesh,Fortress,4.5,,,,,,,,,,4.5
Gurudwara Guru Ka Taal,Delhi,Gurudwara,4.7,,,,,,,,,,4.69
Tomb of Akbar,Uttar Pradesh,Historical landmark,4.4,,,,,,,,,,4.5
Sikandra Fort,Uttar Pradesh,Historical landmark,4.4,,,,,,,,,,4.5
Taj Nature Walk,Uttar Pradesh,Park,4.3,,,,,,,,,,4.29
Amar Singh Gate,Uttar Pradesh,Historical landmark,4.5,,,,,,,,,,4.5
Taj Museum,Uttar Pradesh,Museum,4.4,,,,,,,,,,4.5
Diwan-I-Am,Uttar Pradesh,Historical landmark,4.6,,,,,,,,,,4.5
The Red Taj,Uttar Pradesh,Historical landmark,4.2,,,,,,,,,,4.5
Shah Jahani Mahal,Uttar Pradesh,Historical place museum,4.6,,,,,,,,,,4.5
Hadimba Devi Temple,Himachal Pradesh,Hindu temple,4.6,,,,,,,,,,4.59
Shri Anjani Mahadev Mandir,Himachal Pradesh,Hindu temple,4.7,,,,,,,,,,4.59
Bhrigu Lake Trek,Himachal Pradesh,Hiking area,4.8,,,,,,,,,,4.49
Shri Vashishtha Temple,Himachal Pradesh,Hindu temple,4.5,,,,,,,,,,4.59
Solang Valley,Himachal Pradesh,Nature preserve,4.6,,,,,,,,,,4.49
Van Vihar National Park,Himachal Pradesh,Park,4.2,,,,,,,,,,4.49
"Manu Temple, Old Manali",Himachal Pradesh,Hindu temple,4.5,,,,,,,,,,4.59
Museum of Himachal Culture & Folk Art,Himachal Pradesh,Museum,4.1,,,,,,,,,,4.55
Ghatotkach Tree Temple,Himachal Pradesh,Hindu temple,4.5,,,,,,,,,,4.59
Whiteland holidays,Himachal Pradesh,Hindu temple,4.6,,,,,,,,,,4.59
Snow Man Point,Himachal Pradesh,Scenic spot,4.4,,,,,,,,,,4.49
Gauri Shankar Temple,Himachal Pradesh,Hindu temple,4.6,,,,,,,,,,4.59
Manali Nature Park,Himachal Pradesh,Park,4.7,,,,,,,,,,4.49
Hadimba Himachal Park,Himachal Pradesh,National forest,4.6,,,,,,,,,,4.49
Mahabodhi Temple,Bihar,Buddhist temple,4.7,,,,,,,,,,4.65
The Great Buddha Statue,Bihar,Buddhist temple,4.6,,,,,,,,,,4.65
Bodhgaya Bodhi Tree,Bihar,Buddhist temple,4.7,,,,,,,,,,4.65
Watthai Buddhagaya Temple,Bihar,Buddhist temple,4.6,,,,,,,,,,4.65
Wat Thai Magadh,Bihar,Buddhist temple,4.4,,,,,,,,,,4.65
Gayajipurohit,Bihar,Hindu temple,4.4,,,,,,,,,,4.65
Dungeshwari,Bihar,Buddhist temple,4.5,,,,,,,,,,4.65
The Royal Bhutanese Monastery,Bihar,Buddhist temple,4.6,,,,,,,,,,4.65
Archaeological Museum Bodhgaya,Bihar,Archaeological museum,4.2,,,,,,,,,,4.19
Tergar Monastery,Bihar,Buddhist temple,4.6,,,,,,,,,,4.65
Daijokyo Buddhist Temple,Bihar,Buddhist temple,4.4,,,,,,,,,,4.65
Karma Temple,Bihar,Buddhist temple,4.6,,,,,,,,,,4.65
Indosan Nipponji,Bihar,Buddhist temple,4.5,,,,,,,,,,4.65
Tibetan Temple gaden phelgayling namgyal datsang,Bihar,Buddhist temple,4.4,,,,,,,,,,4.65
Palyul Namdroling Temple,Bihar,Buddhist temple,4.8,,,,,,,,,,4.65
"Maa Mansa Devi Mandir, Haridwar",Uttarakhand,Hindu temple,4.6,,,,,,,,,,4.64
Ganga Ghat,Uttarakhand,Religious destination,4.5,,,,,,,,,,4.64
Bhuma Niketan,Uttarakhand,Hindu temple,4.4,,,,,,,,,,4.64
"Shri Maa Chandi Devi Temple, Haridwar",Uttarakhand,Hindu temple,4.7,,,,,,,,,,4.64
"Bharat Mata Temple, Haridwar",Uttarakhand,Hindu temple,4.5,,,,,,,,,,4.64
"Saptrishi Ashram, Haridwar",Uttarakhand,Hindu temple,4.5,,,,,,,,,,4.64
Maya Devi Temple,Uttarakhand,Hindu temple,4.6,,,,,,,,,,4.64
"Amrapur Ghat, Haridwar",Uttarakhand,Religious destination,4.7,,,,,,,,,,4.64
Vaishno Devi,Uttarakhand,Hindu temple,4.4,,,,,,,,,,4.64
Ganga Mata Temple,Uttarakhand,Hindu temple,4.7,,,,,,,,,,4.64
Mangal Dham Temple,West Bengal,Hindu temple,4.5,,,,,,,,,,4.55
Delo Park,West Bengal,Park,4.5,,,,,,,,,,4.43
Durpin Monastery,West Bengal,Buddhist temple,4.5,,,,,,,,,,4.55
Geden Tharpa Choling Monastery,West Bengal,Buddhist temple,4.7,,,,,,,,,,4.55
Lepcha Museum,West Bengal,Museum,4.4,,,,,,,,,,4.54
Sunset cafe lonavala Khandala rajmachi point 0702,Maharashtra,Scenic spot,4.4,,,,,,,,,,4.35
Jog Falls View Point,Karnataka,Scenic spot,4.5,,,,,,,,,,4.43
Energy Park(Urja park),Chhattisgarh,Garden,4.2,,,,,,,,,,4.21
Mahant Ghasidas Memorial Museum,Chhattisgarh,Museum,4.4,,,,,,,,,,4.33
ISKCON Raipur,Chhattisgarh,Hindu temple,4.5,,,,,,,,,,4.49
Purkhouti Muktangan,Chhattisgarh,Park,4.2,,,,,,,,,,4.21
Katora Talab Park,Chhattisgarh,Park,4.2,,,,,,,,,,4.21
Maa Banjari Mandir,Chhattisgarh,Hindu temple,4.4,,,,,,,,,,4.49
Banjari Mata Mandir,Chhattisgarh,Hindu temple,4.4,,,,,,,,,,4.49
Mahaveer Udyan,Chhattisgarh,Park,4.1,,,,,,,,,,4.21
Atal Park,Chhattisgarh,Park,4.2,,,,,,,,,,4.21
"Lal Qila, The Red Fort",Chhattisgarh,Historical landmark,4.4,,,,,,,,,,4.33
New Swami Vivekananda Gardens (New Buddha Garden),Chhattisgarh,Park,4.3,,,,,,,,,,4.21
Swagat Vatika Naya Raipur,Chhattisgarh,Park,4.2,,,,,,,,,,4.21
Shree Hatkeshwar Mahadev Raipur,Chhattisgarh,Hindu temple,4.4,,,,,,,,,,4.49
National Flag- Telibandha Talab Raipur,Chhattisgarh,Park,4.5,,,,,,,,,,4.21
Ekatma Path park,Chhattisgarh,Park,4.4,,,,,,,,,,4.21
Shree shree shree Sholapuri Mata mandir,Chhattisgarh,Hindu temple,4.7,,,,,,,,,,4.49
CommonWealth World War II Cemetry,Nagaland,Historical landmark,4.3,,,,,,,,,,4.3
Kohima Cathedral Church,Nagaland,Catholic cathedral,4.5,,,,,,,,,,4.5
Dzuleke,Nagaland,Park,4.5,,,,,,,,,,4.38
Kuozhu View Point,Nagaland,Vista point,4.1,,,,,,,,,,4.38
Dzukou Point,Nagaland,Vista point,4.3,,,,,,,,,,4.38
Kapamodzu Peak,Nagaland,Hiking area,4.6,,,,,,,,,,4.38
Immaculate Conception Church,Goa,Catholic church,4.4,,,,,,,,,,4.54
Public Astronomical Observatory Goa,Goa,Observatory,4.5,,,,,,,,,,4.44
Aguada Fort,Goa,Fortress,4.2,,,,,,,,,,4.25
St. Augustine Tower,Goa,Historical landmark,4.5,,,,,,,,,,4.25
Campal Gardens,Goa,Garden,4.2,,,,,,,,,,4.44
Azad Maidan,Goa,Historical landmark,4.2,,,,,,,,,,4.25
St. Inez Church,Goa,Catholic church,4.4,,,,,,,,,,4.54
Malson Shoes,Goa,Garden,4.1,,,,,,,,,,4.44
Jama Masjid,Goa,Mosque,4.6,,,,,,,,,,4.54
Bhagwan Mahaveer Children's Park,Goa,Park,4.4,,,,,,,,,,4.44
Shree Shankar Temple,Goa,Hindu temple,4.5,,,,,,,,,,4.54
Bhagwan Mahavir Bal Vihar,Goa,Park,4.4,,,,,,,,,,4.44
Statue of Lord Parashuram,Goa,Historical landmark,4.7,,,,,,,,,,4.25
Panjim Municipal Garden,Goa,Garden,4.4,,,,,,,,,,4.44
SPS Museum,Jammu and Kashmir,Museum,4.3,,,,,,,,,,4.5
Shalimar Bagh Mughal Garden,Jammu and Kashmir,Garden,4.4,,,,,,,,,,4.41
Tulip Garden Srinagar,Jammu and Kashmir,Garden,4.5,,,,,,,,,,4.41
Cheshma Shahi Garden,Jammu and Kashmir,Garden,4.4,,,,,,,,,,4.41
Sri Shankaracharya Temple,Jammu and Kashmir,Hindu temple,4.8,,,,,,,,,,4.68
Jamia Masjid Srinagar,Jammu and Kashmir,Mosque,4.6,,,,,,,,,,4.68
Harwan Garden,Jammu and Kashmir,Garden,4.3,,,,,,,,,,4.41
Zabarwan Park zbrwn prkh,Jammu and Kashmir,Park,4.1,,,,,,,,,,4.41
Shah E Hamdan R.H Mosque,Jammu and Kashmir,Mosque,4.8,,,,,,,,,,4.68
Char Chinar Dal lake,Jammu and Kashmir,Park,4.5,,,,,,,,,,4.41
Sangeen darwaza,Jammu and Kashmir,Historical landmark,4.3,,,,,,,,,,4.5
Pathar Masjid Srinagar pthr msjd sry ngr,Jammu and Kashmir,Mosque,4.5,,,,,,,,,,4.68
Ali Park `ly prkh,Jammu and Kashmir,Park,4.1,,,,,,,,,,4.41
Jehlum View Park jhlm nZrh prkh,Jammu and Kashmir,Park,4.1,,,,,,,,,,4.41
Ali Masjid msjd shryf,Jammu and Kashmir,Mosque,4.6,,,,,,,,,,4.68
Ellora Caves,Maharashtra,Historical landmark,4.7,,,,,,,,,,4.49
Ajanta Ellora Cave 27,Maharashtra,Archaeological site,4.8,,,,,,,,,,4.49
Raja's Seat View point,Karnataka,Scenic spot,4.4,,,,,,,,,,4.43
Kattalekadu Viewpoint,Karnataka,Nature preserve,4.5,,,,,,,,,,4.43
Elephants' Statue,Karnataka,Historical landmark,4.2,,,,,,,,,,4.41
Raja's seat park,Karnataka,Park,4.5,,,,,,,,,,4.43
Karwale Bhagavathi Temple,Karnataka,Hindu temple,4.5,,,,,,,,,,4.62
Soni Ji Ki Nasiya Jain Temple,Rajasthan,Jain temple,4.5,,,,,,,,,,4.67
Shree Ram Baradari,Rajasthan,Monument,4.3,,,,,,,,,,4.51
Maharana Pratap Smarak - Ajmer,Rajasthan,Historical landmark,4.5,,,,,,,,,,4.51
Taragarh Fort - Ajmer,Rajasthan,Historical landmark,4.3,,,,,,,,,,4.51
Ajmer Fort,Rajasthan,Museum,4.3,,,,,,,,,,4.51
New Choupati Anasagar Pathway,Rajasthan,Park,4.5,,,,,,,,,,4.38
Rangji Temple,Rajasthan,Hindu temple,4.6,,,,,,,,,,4.67
Government Museum,Rajasthan,Museum,4.4,,,,,,,,,,4.51
Kothari's Patwon Ki Haveli / Patwa Haveli,Rajasthan,Heritage museum,4.3,,,,,,,,,,4.51
The Thar Heritage Museum,Rajasthan,Museum,4.6,,,,,,,,,,4.51
Jaisalmer Fort,Rajasthan,Historical landmark,4.4,,,,,,,,,,4.51
Jaisalmer War Museum,Rajasthan,Museum,4.7,,,,,,,,,,4.51
Government Museum,Rajasthan,Museum,4.1,,,,,,,,,,4.51
Baa ri haveli,Rajasthan,Museum,4.3,,,,,,,,,,4.51
"SACRED HEART Cathedral, Shivamogga",Karnataka,Catholic cathedral,4.5,,,,,,,,,,4.62
"Shree Baala Subramanya Swamy Temple, Guddekal.",Karnataka,Hindu temple,4.6,,,,,,,,,,4.62
Shivamogga Zoo & Safari,Karnataka,Wildlife and safari park,4.1,,,,,,,,,,4.43
Sri Murudeshwar Temple,Karnataka,Hindu temple,4.4,,,,,,,,,,4.62
Gandhi Nagar Park,Karnataka,Park,4.1,,,,,,,,,,4.43
Freedom Park Old Shimoga Jail,Karnataka,Park,4.4,,,,,,,,,,4.43
Shivappa Nayaka Palace Museum,Karnataka,Museum,4.3,,,,,,,,,,4.41
Ravindranagara Park,Karnataka,Park,4.1,,,,,,,,,,4.43
Lord Shiva Temple,Karnataka,Hindu temple,4.7,,,,,,,,,,4.62
Bhimeshwara temple,Karnataka,Hindu temple,4.7,,,,,,,,,,4.62
Kalisthan Temple,Himachal Pradesh,Hindu temple,4.6,,,,,,,,,,4.59
Rani Tal,Himachal Pradesh,Lake,4.2,,,,,,,,,,4.49
Sri Harmandir Sahib,Punjab,Gurudwara,4.9,,,,,,,,,,4.9
"The Partition Museum - Amritsar District, Punjab, India",Punjab,Historical place museum,4.6,,,,,,,,,,4.51
Gobindgarh Fort,Punjab,Fortress,4.3,,,,,,,,,,4.51
"Shri Durgiana Temple, Amritsar",Goa,Hindu temple,4.7,,,,,,,,,,4.54
Gurudwara Chheharta Sahib,Punjab,Gurudwara,4.9,,,,,,,,,,4.9
Iskcon Temple,Punjab,Hindu temple,4.6,,,,,,,,,,4.9
Shri Dukh Bhanjani Beri Sahib,Punjab,Gurudwara,4.8,,,,,,,,,,4.9
Central Sikh Museum,Punjab,Heritage museum,4.7,,,,,,,,,,4.51
"Saragarhi Memorial Gurudwara - Amritsar, Punjab, India",Punjab,Gurudwara,4.7,,,,,,,,,,4.9
Gurudwara Sri Amb Sahib,Punjab,Gurudwara,4.8,,,,,,,,,,4.9
Leisure Valley,Chandigarh,Park,4.4,,,,,,,,,,4.37
Sukhna Wildlife Sanctuary,Chandigarh,Nature preserve,4.4,,,,,,,,,,4.37
Topiary Park,Chandigarh,Park,4.2,,,,,,,,,,4.37
Japanese Garden,Chandigarh,Park,4.2,,,,,,,,,,4.37
Garden of Silence,Chandigarh,Garden,4.5,,,,,,,,,,4.37
Rose Garden,Punjab,Park,4.4,,,,,,,,,,4.36
Silvi Park,Punjab,Park,4.4,,,,,,,,,,4.36
Bougainvillea Park,Chandigarh,Park,4.4,,,,,,,,,,4.37
Butterfly Park,Chandigarh,Park,4.1,,,,,,,,,,4.37
Leisure Valley Park Mohali,Punjab,Park,4.5,,,,,,,,,,4.36
Eiffel Tower Replica,Chandigarh,Garden,4.1,,,,,,,,,,4.37
Hibiscus Garden,Chandigarh,Garden,4.4,,,,,,,,,,4.37
Mandir Park,Punjab,Park,4.6,,,,,,,,,,4.36
park sec 80,Punjab,Park,4.2,,,,,,,,,,4.36
Freedom Fighters Park,Punjab,Park,4.1,,,,,,,,,,4.36
Tank Monument,Chandigarh,Monument,4.3,,,,,,,,,,4.41
Shri Kamakshi Temple,Goa,Hindu temple,4.8,,,,,,,,,,4.54
Our Lady of Grace Church,Goa,Catholic church,4.5,,,,,,,,,,4.54
Palacio do Deao,Goa,Heritage building,4.6,,,,,,,,,,4.25
St. Sebastian Church,Goa,Church,4.4,,,,,,,,,,4.54
Big Foot Goa,Goa,Museum,4.1,,,,,,,,,,4.25
Shree Damodar Temple,Goa,Hindu temple,4.6,,,,,,,,,,4.54
SGPDA Joggers Park,Goa,Park,4.1,,,,,,,,,,4.44
Shri Damodar Sal,Goa,Hindu temple,4.7,,,,,,,,,,4.54
Rachol Historical Fort Gate,Goa,Fortress,4.4,,,,,,,,,,4.25
Amber Palace,Rajasthan,Castle,4.6,,,,,,,,,,4.51
Hawa Mahal,Rajasthan,Castle,4.5,,,,,,,,,,4.51
Nahargarh Fort,Rajasthan,Historical landmark,4.5,,,,,,,,,,4.51
Albert Hall Museum,Rajasthan,Museum,4.5,,,,,,,,,,4.51
Moti Dungri Ganesh Ji Temple,Rajasthan,Hindu temple,4.8,,,,,,,,,,4.67
Jal Mahal,Rajasthan,Historical landmark,4.2,,,,,,,,,,4.51
Jaigarh Fort,Rajasthan,Historical place museum,4.5,,,,,,,,,,4.51
Sisodia Rani ka Bagh,Rajasthan,Garden,4.3,,,,,,,,,,4.38
Jaipur Wax Museum Nahargarh Fort,Rajasthan,Museum,4.4,,,,,,,,,,4.51
SHRI GARH GANESH Ji TEMPLE,Rajasthan,Hindu temple,4.8,,,,,,,,,,4.67
Sun Temple,Rajasthan,Hindu temple,4.6,,,,,,,,,,4.67
Dolls Museum,Rajasthan,Museum,4.3,,,,,,,,,,4.51
Galta Gate,Rajasthan,Hindu temple,4.3,,,,,,,,,,4.67
Amrapali Museum,Rajasthan,Art museum,4.4,,,,,,,,,,4.51
Maharaja Sawai Man Singh II Museum,Rajasthan,Museum,4.5,,,,,,,,,,4.51
Arjuna Statue,Rajasthan,Monument,4.7,,,,,,,,,,4.51
Jantar Mantar - Jaipur,Rajasthan,Observatory,4.5,,,,,,,,,,4.38
Jai Niwas Garden,Rajasthan,Garden,4.4,,,,,,,,,,4.38
Shree Akshardham Temple,Rajasthan,Hindu temple,4.7,,,,,,,,,,4.67
Smriti Van,Rajasthan,Wildlife park,4.4,,,,,,,,,,4.38
Jaldhara,Rajasthan,Park,4.1,,,,,,,,,,4.38
Tripolia Gate,Rajasthan,Historical landmark,4.4,,,,,,,,,,4.51
Isarlat Sargasooli,Rajasthan,Monument,4.5,,,,,,,,,,4.51
Ramniwas Bagh,Rajasthan,Park,4.4,,,,,,,,,,4.38
Kanak Vrindavan Park,Rajasthan,Park,4.2,,,,,,,,,,4.38
Deer Park,Rajasthan,Park,4.4,,,,,,,,,,4.38
Vidyadhar Bagh,Rajasthan,Park,4.3,,,,,,,,,,4.38
Moti Doongri Fort,Rajasthan,Fortress,4.6,,,,,,,,,,4.51
Jaipur Park,Rajasthan,Park,4.4,,,,,,,,,,4.38
Amer Stepwell,Rajasthan,Historical landmark,4.4,,,,,,,,,,4.51
Shri Jagat Shiromani ji Temple,Rajasthan,Hindu temple,4.8,,,,,,,,,,4.67
Amber fort,Rajasthan,Historical landmark,4.6,,,,,,,,,,4.51
Amber Fort View,Rajasthan,Historical landmark,4.7,,,,,,,,,,4.51
Sawai Man Singh Statue,Rajasthan,Historical landmark,4.7,,,,,,,,,,4.51
Chandra Mahal,Rajasthan,Historical landmark,4.4,,,,,,,,,,4.51
Watch Tower,Rajasthan,Historical landmark,4.7,,,,,,,,,,4.51
Gau Ghat,Rajasthan,Hindu temple,4.5,,,,,,,,,,4.67
"Jagatpita Shri Brahma Mandir, Pushkar",Rajasthan,Hindu temple,4.6,,,,,,,,,,4.67
Savitri Mata Temple,Rajasthan,Hindu temple,4.6,,,,,,,,,,4.67
Rangji Temple,Rajasthan,Hindu temple,4.6,,,,,,,,,,4.67
Varaha Temple,Rajasthan,Hindu temple,4.3,,,,,,,,,,4.67
Veer Gurjar Ghat Pushkar,Rajasthan,Museum,4.5,,,,,,,,,,4.51
Sri Panchkund Shiva Temple,Rajasthan,Hindu temple,4.7,,,,,,,,,,4.67
"Govardhan Eco Restoration Park, Bera",Jharkhand,Park,4.4,,,,,,,,,,4.28
Shakti Mandir,Jharkhand,Hindu temple,4.7,,,,,,,,,,4.63
Rajendra Sarovar Park,Jharkhand,Park,4.2,,,,,,,,,,4.28
Bekarbandh Park,Jharkhand,Park,4.2,,,,,,,,,,4.28
Vaishnavi & Vaibhavi Wellbeing Hub,Jharkhand,Park,4.1,,,,,,,,,,4.28
Katras Palace,Jharkhand,Heritage building,4.1,,,,,,,,,,4.23
Hirapur Durga Mandir hiiraapur durgaa mndir,Jharkhand,Hindu temple,4.3,,,,,,,,,,4.63
Sai Baba Mandir,Jharkhand,Hindu temple,4.6,,,,,,,,,,4.63
Rajarajan Manimandapam,Tamil Nadu,Art museum,4.2,,,,,,,,,,4.37
Carmel Infant Jesus Shrine,Tamil Nadu,Catholic church,4.6,,,,,,,,,,4.69
Brihadeeswara Temple,Tamil Nadu,Hindu temple,4.8,,,,,,,,,,4.69
Thanjavur Maratha Palace,Tamil Nadu,Historical landmark,4.2,,,,,,,,,,4.37
Thanjavur Big Temple,Tamil Nadu,Hindu temple,4.8,,,,,,,,,,4.69
Manimandapam,Tamil Nadu,Park,4.2,,,,,,,,,,4.41
Royal Palace Museum,Tamil Nadu,Museum,4.1,,,,,,,,,,4.37
Thanjavur Sri Bangaru Kamakshi Amman Temple,Tamil Nadu,Hindu temple,4.6,,,,,,,,,,4.69
Anjaneya Temple,Tamil Nadu,Hindu temple,4.3,,,,,,,,,,4.69
Sri Kamakshi Temple,Tamil Nadu,Hindu temple,4.4,,,,,,,,,,4.69
Raja Raja Cholan Statue Park,Tamil Nadu,Park,4.3,,,,,,,,,,4.41
Sri Kalimath,Madhya Pradesh,Hindu temple,4.3,,,,,,,,,,4.74
Shaheed Smarak,Madhya Pradesh,Historical landmark,4.3,,,,,,,,,,4.43
Kachnar City Shiva Temple,Madhya Pradesh,Hindu temple,4.6,,,,,,,,,,4.74
Ghanta Ghar,Madhya Pradesh,Historical landmark,4.1,,,,,,,,,,4.43
Dumna Nature Reserve Park,Madhya Pradesh,Nature preserve,4.1,,,,,,,,,,4.34
Paat Baba Mandir,Madhya Pradesh,Hindu temple,4.6,,,,,,,,,,4.74
Pisanhari ki Madiya,Madhya Pradesh,Jain temple,4.6,,,,,,,,,,4.74
Rani Durgavati Fort & Museum,Madhya Pradesh,Museum,4.2,,,,,,,,,,4.43
Rani Durgawati Fort,Madhya Pradesh,Fortress,4.2,,,,,,,,,,4.43
Swayambu Sidhpeeth Sri Gupteshwar Mahadev Mandir,Madhya Pradesh,Hindu temple,4.7,,,,,,,,,,4.74
Sangram Sagar Lake and Garden,Madhya Pradesh,Park,4.2,,,,,,,,,,4.34
Gayatri Mandir,Madhya Pradesh,Hindu temple,4.6,,,,,,,,,,4.74
Prem Mandir Jabalpur,Madhya Pradesh,Hindu temple,4.4,,,,,,,,,,4.74
Uma Ghat,Madhya Pradesh,Religious destination,4.4,,,,,,,,,,4.74
Holy Trinity Church,Madhya Pradesh,Church,4.5,,,,,,,,,,4.74
Shree Maa Narmada Temple,Madhya Pradesh,Hindu temple,4.7,,,,,,,,,,4.74
Katanga Tv Tower,Madhya Pradesh,Historical landmark,4.3,,,,,,,,,,4.43
Sharda Mandir,Madhya Pradesh,Hindu temple,4.6,,,,,,,,,,4.74
Siddh Ghat,Madhya Pradesh,Historical landmark,4.6,,,,,,,,,,4.43
Jatashankar Temple,Madhya Pradesh,Hindu temple,4.6,,,,,,,,,,4.74
Amba Mai,Madhya Pradesh,Hindu temple,4.6,,,,,,,,,,4.74
Pachmarhi Catholic Church,Madhya Pradesh,Catholic church,4.3,,,,,,,,,,4.74
Pandava Garden,Madhya Pradesh,Garden,4.4,,,,,,,,,,4.34
Riverfront Flower Park,Gujarat,Park,4.5,,,,,,,,,,4.4
Teen Darwaza,Gujarat,Historical landmark,4.3,,,,,,,,,,4.35
Rani no Hajiro,Gujarat,Historical landmark,4.2,,,,,,,,,,4.35
Balvatika & N. H. Museum,Gujarat,Museum,4.2,,,,,,,,,,4.35
The Calico Museum of Textiles,Gujarat,Museum,4.3,,,,,,,,,,4.35
Lalbhai Dalpatbhai Museum,Gujarat,Museum,4.5,,,,,,,,,,4.35
Law Garden,Maharashtra,Park,4.4,,,,,,,,,,4.35
Auto World Vintage Car Museum,Gujarat,Museum,4.4,,,,,,,,,,4.35
Sidi Saiyyed Mosque,Gujarat,Mosque,4.5,,,,,,,,,,4.6
Kaligam Fort,Gujarat,Fortress,4.1,,,,,,,,,,4.35
Ranthambore National Park,Rajasthan,National park,4.5,,,,,,,,,,4.38
Jogi Mahal,Rajasthan,Historical place museum,4.4,,,,,,,,,,4.51
The Ranthambore Tiger,Rajasthan,National park,4.7,,,,,,,,,,4.38
Tawang Monastery,Arunachal Pradesh,Buddhist temple,4.7,,,,,,,,,,4.59
"Bomdila Buddhist Monastery - Bomdila, West Kameng District, Arunachal Pradesh, India",Arunachal Pradesh,Buddhist temple,4.6,,,,,,,,,,4.59
Buddha Park,Arunachal Pradesh,Park,4.1,,,,,,,,,,4.1
"Taktsang Gompa, Tawang - Bumla Road, Tawang",Arunachal Pradesh,Religious destination,4.8,,,,,,,,,,4.59
"Ridge, Shimla",Himachal Pradesh,Historical landmark,4.6,,,,,,,,,,4.55
"Kali Bari Temple, Shimla",Himachal Pradesh,Hindu temple,4.6,,,,,,,,,,4.59
"Christ Church, Shimla",Himachal Pradesh,Church,4.6,,,,,,,,,,4.59
Shri Hanuman Mandir Jakhoo,Himachal Pradesh,Hindu temple,4.8,,,,,,,,,,4.59
Viceregal Lodge,Himachal Pradesh,Historical place museum,4.6,,,,,,,,,,4.55
Vaishno Devi Temple,Himachal Pradesh,Hindu temple,4.6,,,,,,,,,,4.59
Himachal State Museum,Himachal Pradesh,Museum,4.5,,,,,,,,,,4.55
Gorton Castle,Himachal Pradesh,Castle,4.4,,,,,,,,,,4.55
Dudhsagar Falls,Goa,Scenic spot,4.6,,,,,,,,,,4.44
Indian Naval Aviation Museum,Goa,Museum,4.5,,,,,,,,,,4.25
Church of St. Francis of Assisi,Goa,Catholic church,4.5,,,,,,,,,,4.54
Mollem National Park & Bhagwan Mahavir Wildlife Sanctuary,Goa,National park,4.4,,,,,,,,,,4.44
Houses of Goa Museum,Goa,Museum,4.2,,,,,,,,,,4.25
Palacio do Deao,Goa,Heritage building,4.6,,,,,,,,,,4.25
"St. Cajetan Church, Goa",Goa,Catholic church,4.6,,,,,,,,,,4.54
Cotigao Wildlife Sanctuary,Goa,Wildlife refuge,4.2,,,,,,,,,,4.44
Museum Of Christian Art,Goa,Museum,4.4,,,,,,,,,,4.25
Aguada Fort,Goa,Fortress,4.2,,,,,,,,,,4.25
Sinquerim Fort,Goa,Fortress,4.5,,,,,,,,,,4.25
Cabo de Rama Fort,Goa,Fortress,4.4,,,,,,,,,,4.25
Big Foot Goa,Goa,Museum,4.1,,,,,,,,,,4.25
Se Cathedral,Goa,Catholic cathedral,4.5,,,,,,,,,,4.54
"Colva Beach, Goa",Goa,Beach pavillion,4.3,,,,,,,,,,4.44
Kadamba Shri Mahadeva Temple (Tambdisurla),Goa,Hindu temple,4.8,,,,,,,,,,4.54
Goa Beaches,Goa,Public beach,4.5,,,,,,,,,,4.44
St. Augustine Tower,Goa,Historical landmark,4.5,,,,,,,,,,4.25
Campal Gardens,Goa,Garden,4.2,,,,,,,,,,4.44
"Sernabatim Beach, Colva",Goa,Public beach,4.5,,,,,,,,,,4.44
Azad Maidan,Goa,Historical landmark,4.2,,,,,,,,,,4.25
Chorla Ghat,Goa,Nature preserve,4.4,,,,,,,,,,4.44
Arambol Mountain,Goa,Scenic spot,4.6,,,,,,,,,,4.44
Archaeological Museum of Goa,Goa,Archaeological museum,4.3,,,,,,,,,,4.25
Tambdi Surla Waterfalls,Goa,Nature preserve,4.6,,,,,,,,,,4.44
Juve Fort,Goa,Fortress,4.4,,,,,,,,,,4.25
Government Rose Garden,Tamil Nadu,Park,4.1,,,,,,,,,,4.41
Government Museum,Tamil Nadu,Museum,4.2,,,,,,,,,,4.37
Wax Planet,Tamil Nadu,Wax museum,4.5,,,,,,,,,,4.37
Pine Forest Ooty,Tamil Nadu,Park,4.3,,,,,,,,,,4.41
"Murugan Temple, Elk Hill",Tamil Nadu,Hindu temple,4.7,,,,,,,,,,4.69
C.S.I St. Stephen's Church,Tamil Nadu,Church,4.5,,,,,,,,,,4.69
Government Botanical Garden,Tamil Nadu,Garden,4.3,,,,,,,,,,4.41
Arboretum Tree Garden,Tamil Nadu,Garden,4.2,,,,,,,,,,4.41
Boating Spot and Children's Park,Tamil Nadu,Park,4.1,,,,,,,,,,4.41
Sacred Heart Cathedral,Tamil Nadu,Catholic cathedral,4.6,,,,,,,,,,4.69
Kandal Cross Shrine,Tamil Nadu,Catholic church,4.7,,,,,,,,,,4.69
Marlimund lake,Tamil Nadu,Nature preserve,4.4,,,,,,,,,,4.41
Toda Temple,Tamil Nadu,Hindu temple,4.1,,,,,,,,,,4.69
Lake view point at Pine forest,Tamil Nadu,Vista point,4.4,,,,,,,,,,4.41
ISKCON Temple Surat,Gujarat,Hindu temple,4.7,,,,,,,,,,4.6
Surat Castle,Gujarat,Castle,4.4,,,,,,,,,,4.35
Sai Mandir Sansthan,Gujarat,Hindu temple,4.8,,,,,,,,,,4.6
Sardar Patel Museum,Gujarat,Museum,4.3,,,,,,,,,,4.35
Lake View Garden,Gujarat,Garden,4.1,,,,,,,,,,4.4
Jawaharlal Nehru Garden,Gujarat,Garden,4.2,,,,,,,,,,4.4
Joggers Park,Gujarat,Park,4.5,,,,,,,,,,4.4
Three Leaf Banyan Tree,Gujarat,Historical landmark,4.4,,,,,,,,,,4.35
Maharana Pratap Garden (Chowpati),Gujarat,Garden,4.3,,,,,,,,,,4.4
Summer Palace,Gujarat,Castle,4.3,,,,,,,,,,4.35
Navdi Bandar Statue,Gujarat,Historical landmark,4.2,,,,,,,,,,4.35
Virasat-e-Khalsa,Punjab,Museum,4.7,,,,,,,,,,4.51
Takhat Sri Kesgarh Sahib,Punjab,Gurudwara,4.9,,,,,,,,,,4.9
Sri Guru Teg Bahadur Sikh Museum,Punjab,Museum,4.7,,,,,,,,,,4.51
Nainital Lake View Point,Uttarakhand,Scenic spot,4.6,,,,,,,,,,4.34
Sankat Mochan Mandir,Uttarakhand,Hindu temple,4.8,,,,,,,,,,4.64
Tiffin Top,Uttarakhand,Hill station,4.5,,,,,,,,,,4.34
"Snow Valley, Nainital",Uttarakhand,Park,4.6,,,,,,,,,,4.34
Pasan Devi Temple,Uttarakhand,Hindu temple,4.5,,,,,,,,,,4.64
Delwara Temple,Rajasthan,Jain temple,4.6,,,,,,,,,,4.67
Shankar Math,Rajasthan,Hindu temple,4.5,,,,,,,,,,4.67
Shree Swaminarayan Temple,Rajasthan,Hindu temple,4.4,,,,,,,,,,4.67
"Shri Somnath Mahadev Temple, Mt. Abu",Rajasthan,Hindu temple,4.5,,,,,,,,,,4.67
Shri Raghunath Temple,Rajasthan,Hindu temple,4.4,,,,,,,,,,4.67
World Spiritual Museum (Brahmakumaris),Rajasthan,Museum,4.2,,,,,,,,,,4.51
Sunset Point,Rajasthan,Vista point,4.4,,,,,,,,,,4.38
Brahmakumaris Peace Park,Rajasthan,Park,4.2,,,,,,,,,,4.38
Nakki Lake,Rajasthan,Lake,4.5,,,,,,,,,,4.38
Nakki Lake Garden,Rajasthan,Garden,4.3,,,,,,,,,,4.38
Honeymoon Point,Rajasthan,Scenic spot,4.4,,,,,,,,,,4.38
LUCKY'S Celebrity Wax Museum,Rajasthan,Wax museum,4.3,,,,,,,,,,4.51
Crocodile Park,Rajasthan,Park,4.1,,,,,,,,,,4.38
Arbuda Devi Temple,Rajasthan,Hindu temple,4.6,,,,,,,,,,4.67
"Adhar Devi Stop, Mount Abu",Rajasthan,Hindu temple,4.5,,,,,,,,,,4.67
Adhar Devi Mandir/ Arbuda Mata Mandir,Rajasthan,Hindu temple,4.8,,,,,,,,,,4.67
Dadi Janki Park,Rajasthan,Park,4.8,,,,,,,,,,4.38
Mount Abu Wildlife Sanctuary,Rajasthan,Wildlife refuge,4.4,,,,,,,,,,4.38
Shri Achaleshwar Mahadev Temple,Rajasthan,Hindu temple,4.5,,,,,,,,,,4.67
Mount Abu View Point,Rajasthan,Scenic spot,4.6,,,,,,,,,,4.38
"Kanch ka Mandir, Digambar Jain Mandir and Dharmshala",Rajasthan,Jain temple,4.3,,,,,,,,,,4.67
Lal Temple,Rajasthan,Hindu temple,4.3,,,,,,,,,,4.67
Kovalam Beach,Kerala,Public beach,4.4,,,,,,,,,,4.43
Sree Padmanabhaswamy Temple,Kerala,Hindu temple,4.7,,,,,,,,,,4.72
Attukal Bhagavathy Temple,Kerala,Hindu temple,4.8,,,,,,,,,,4.72
Kanakakkunnu Palace,Kerala,Historical landmark,4.5,,,,,,,,,,4.42
Napier Museum,Kerala,Archaeological museum,4.4,,,,,,,,,,4.42
Pazhavangaadi Sree Maha Ganapathy Temple,Kerala,Hindu temple,4.8,,,,,,,,,,4.72
Sri Parasurama Swamy Temple Thiruvallam,Kerala,Hindu temple,4.6,,,,,,,,,,4.72
Karikkakom Sri Chamundi Temple,Kerala,Hindu temple,4.8,,,,,,,,,,4.72
Veli Beach,Kerala,Beach,4.2,,,,,,,,,,4.43
Sunil's Wax Museum Trivandrum,Kerala,Museum,4.3,,,,,,,,,,4.42
East Fort,Kerala,Fortress,4.4,,,,,,,,,,4.42
Grove Beach,Kerala,Public beach,4.3,,,,,,,,,,4.43
Keralam - Museum of History and Heritage,Kerala,Heritage museum,4.4,,,,,,,,,,4.42
Kuthira Maliga Palace Museum,Kerala,Museum,4.6,,,,,,,,,,4.42
Padmatheertha Pond,Kerala,Hindu temple,4.6,,,,,,,,,,4.72
Kovalam Sea View,Kerala,Vista point,4.5,,,,,,,,,,4.43
Sreekanteswaram Temple,Kerala,Hindu temple,4.8,,,,,,,,,,4.72
Beemapally Masjid,Kerala,Mosque,4.4,,,,,,,,,,4.72
Palayam Juma Masjid - Trivandrum,Kerala,Mosque,4.6,,,,,,,,,,4.72
Maharaja Swathi Thirunal Palace,Kerala,Historical place museum,4.5,,,,,,,,,,4.42
Thumba Beach,Kerala,Public beach,4.3,,,,,,,,,,4.43
Thrichakrapuram Sri Krishna Swamy Temple,Kerala,Hindu temple,4.8,,,,,,,,,,4.72
Kunnumpara Sree Murugan Temple,Kerala,Hindu temple,4.7,,,,,,,,,,4.72
Sree Palkulangara Devi Temple,Kerala,Hindu temple,4.4,,,,,,,,,,4.72
Sree Mithranandapuram Thrimoorthy Temple,Kerala,Hindu temple,4.5,,,,,,,,,,4.72
Methan Mani,Kerala,Historical landmark,4.5,,,,,,,,,,4.42
TESLA Pedagogy Park,Kerala,Park,4.2,,,,,,,,,,4.43
Pettah Shiva Temple,Kerala,Hindu temple,4.5,,,,,,,,,,4.72
Sree Kulashekharaperumal Sree Venkitachalapathy Devasthanam Deshikar Sannidhi,Kerala,Hindu temple,4.6,,,,,,,,,,4.72
Sree Kunnuvila Bhagavathi Temple,Kerala,Hindu temple,4.6,,,,,,,,,,4.72
Vizhinjam Rock Temple,Kerala,Hindu temple,4.4,,,,,,,,,,4.72
Rock Cut Cave Shiva Temple,Kerala,Historical landmark,4.2,,,,,,,,,,4.42
Golden Sand Beach,Kerala,Beach pavillion,4.4,,,,,,,,,,4.43
Kanyakumari,Tamil Nadu,Historical landmark,4.6,,,,,,,,,,4.37
Kanyakumari Sunrise View,Tamil Nadu,Scenic spot,4.6,,,,,,,,,,4.41
Vattakottai Fort,Tamil Nadu,Historical landmark,4.3,,,,,,,,,,4.37
Kanyakumari Bhagavathy Amman Temple,Tamil Nadu,Hindu temple,4.5,,,,,,,,,,4.69
Kanyakumari Tourist View Point Gandhi Mandapam,Tamil Nadu,Scenic spot,4.5,,,,,,,,,,4.41
Gwalior Fort,Madhya Pradesh,Fortress,4.5,,,,,,,,,,4.43
Surya Mandir Gwalior,Madhya Pradesh,Hindu temple,4.5,,,,,,,,,,4.74
HH Maharaja Sir Jiwajirao Scindia Museum,Madhya Pradesh,History museum,4.3,,,,,,,,,,4.43
Italian Garden,Madhya Pradesh,Garden,4.2,,,,,,,,,,4.34
Saas Bahu twin temples,Madhya Pradesh,Hindu temple,4.5,,,,,,,,,,4.74
Jai Vilas Palace,Madhya Pradesh,Museum,4.3,,,,,,,,,,4.43
Gujari Mahal,Madhya Pradesh,Archaeological museum,4.4,,,,,,,,,,4.43
Assi Khamba Ki Bawadis,Madhya Pradesh,Historical landmark,4.3,,,,,,,,,,4.43
Chaturbhuj Temple,Madhya Pradesh,Hindu temple,4.5,,,,,,,,,,4.74
Karn Mahal,Madhya Pradesh,Historical landmark,4.2,,,,,,,,,,4.43
Vikram Mahal,Madhya Pradesh,Historical landmark,4.2,,,,,,,,,,4.43
Shree Siddhivinayak Temple,Maharashtra,Hindu temple,4.8,,,,,,,,,,4.69
Sanjay Gandhi National Park,Maharashtra,National park,4.3,,,,,,,,,,4.35
Chhatrapati Shivaji Maharaj Vastu Sangrahalaya,Maharashtra,History museum,4.6,,,,,,,,,,4.49
Mahakali Caves,Maharashtra,Archaeological site,4.2,,,,,,,,,,4.49
Hanging Gardens,Maharashtra,Park,4.2,,,,,,,,,,4.35
Flora Fountain,Maharashtra,Historical landmark,4.5,,,,,,,,,,4.49
Shiv Fort,Maharashtra,Fortress,4.1,,,,,,,,,,4.49
Padmanabhapuram Palace,Tamil Nadu,Historical landmark,4.4,,,,,,,,,,4.37
Mayapuri Wonder Wax,Tamil Nadu,Museum,4.1,,,,,,,,,,4.37
Kanyakumari Beach,Tamil Nadu,Beach,4.5,,,,,,,,,,4.41
Our Lady of Ransom Shrine,Tamil Nadu,Catholic church,4.6,,,,,,,,,,4.69
Kanyakumari,Tamil Nadu,Historical landmark,4.5,,,,,,,,,,4.37
Kanyakumari Sunrise View,Tamil Nadu,Scenic spot,4.6,,,,,,,,,,4.41
Vattakottai Fort,Tamil Nadu,Historical landmark,4.3,,,,,,,,,,4.37
KanniyaKumari Amman Temple,Tamil Nadu,Hindu temple,4.5,,,,,,,,,,4.69
Periyakadu beach,Tamil Nadu,Public beach,4.5,,,,,,,,,,4.41
Southern most point of India,Tamil Nadu,Historical landmark,4.6,,,,,,,,,,4.37
"Shri Mahaveerswami Jain Mandir Dadawadi, Kanyakumari",Tamil Nadu,Jain temple,4.5,,,,,,,,,,4.69
Beach Promenade,Tamil Nadu,Park,4.3,,,,,,,,,,4.41
Pozhikarai Beach Park,Tamil Nadu,Public beach,4.4,,,,,,,,,,4.41
"Vivekananda Kendra Beach, Vivekanandapuram",Tamil Nadu,Public beach,4.5,,,,,,,,,,4.41
Kanyakumari Tourist View Point Gandhi Mandapam,Tamil Nadu,Scenic spot,4.5,,,,,,,,,,4.41
Namgyal Institute of Tibetology,Sikkim,Museum,4.3,,,,,,,,,,4.3
Gonjang Monastery,Sikkim,Buddhist temple,4.5,,,,,,,,,,4.52
Do Drul Chorten,Sikkim,Buddhist temple,4.4,,,,,,,,,,4.52
Hanuman Tok,Sikkim,Hindu temple,4.7,,,,,,,,,,4.52
Ganesh Tok,Sikkim,Hindu temple,4.5,,,,,,,,,,4.52
Enchey Monastery,Sikkim,Buddhist temple,4.5,,,,,,,,,,4.52
Kanchendzonga national park,Sikkim,Park,4.5,,,,,,,,,,4.5
Thakurbari Temple,Sikkim,Hindu temple,4.5,,,,,,,,,,4.52
"Shri Badi Patan Devi Temple, Patna",Bihar,Hindu temple,4.6,,,,,,,,,,4.65
Shree Siddhraj Jaysinh Statue Patan,Gujarat,Historical landmark,4.6,,,,,,,,,,4.35
Patan Fort,Gujarat,Historical landmark,4.5,,,,,,,,,,4.35
Gir National Park,Gujarat,National park,4.5,,,,,,,,,,4.4
Shri Kashi Vishwanath Temple,Uttar Pradesh,Hindu temple,4.7,,,,,,,,,,4.69
Archaeological Buddhist Remains of Sarnath,Uttar Pradesh,Archaeological site,4.5,,,,,,,,,,4.5
Shri Satyanarayan Tulsi Manas Mandir,Uttar Pradesh,Hindu temple,4.6,,,,,,,,,,4.69
Panchganga Ghat,Uttar Pradesh,Religious destination,4.5,,,,,,,,,,4.69
Nepali Temple,Uttar Pradesh,Hindu temple,4.6,,,,,,,,,,4.69
Meer Ghat,Uttar Pradesh,Hindu temple,4.4,,,,,,,,,,4.69
Ganga Mahal Ghat (2),Uttar Pradesh,Religious destination,4.4,,,,,,,,,,4.69
Gola Ghat,Uttar Pradesh,Religious destination,4.1,,,,,,,,,,4.69
Dashashwamedh Ghat,Uttar Pradesh,Religious destination,4.6,,,,,,,,,,4.69
Ramnagar Fort,Uttar Pradesh,Fortress,4.1,,,,,,,,,,4.5
Khidkiya Ghat,Uttar Pradesh,Religious destination,4.5,,,,,,,,,,4.69
"Dhamekh Stupa, Sarnath",Uttar Pradesh,Buddhist temple,4.6,,,,,,,,,,4.69
Shaheed Udyan Nagar Nigam,Uttar Pradesh,Park,4.2,,,,,,,,,,4.29
Chaukhandi Stupa,Uttar Pradesh,Monument,4.4,,,,,,,,,,4.5
Anand Park,Uttar Pradesh,Park,4.1,,,,,,,,,,4.29
Chet Singh Ghat,Uttar Pradesh,Religious destination,4.4,,,,,,,,,,4.69
Man Singh Observatory,Uttar Pradesh,Observatory,4.5,,,,,,,,,,4.29
Tulsi Ghat,Uttar Pradesh,Religious destination,4.5,,,,,,,,,,4.69
Shivala Ghat,Uttar Pradesh,Religious destination,4.4,,,,,,,,,,4.69
Bharat Kala Bhavan Museum,Uttar Pradesh,Museum,4.5,,,,,,,,,,4.5
Dr. Rajendra Prasad Ghat,Uttar Pradesh,Historical landmark,4.5,,,,,,,,,,4.5
Shree Annapurna Mandir,Uttar Pradesh,Hindu temple,4.7,,,,,,,,,,4.69
Sant Shiromani Guru Ravidas Mandir,Uttar Pradesh,Hindu temple,4.3,,,,,,,,,,4.69
Ashoka Pillar,Uttar Pradesh,Historical landmark,4.6,,,,,,,,,,4.5
Darbhanga Ghat,Uttar Pradesh,Religious destination,4.6,,,,,,,,,,4.69
Tibetan Temple,Uttar Pradesh,Buddhist temple,4.4,,,,,,,,,,4.69
Golden Temple,Uttar Pradesh,Buddhist temple,4.6,,,,,,,,,,4.69
Subah-e-Banaras,Uttar Pradesh,Hindu temple,4.7,,,,,,,,,,4.69
Scindia Ghat,Uttar Pradesh,Religious destination,4.4,,,,,,,,,,4.69
Ahilyabai Ghat,Uttar Pradesh,Hindu temple,4.4,,,,,,,,,,4.69
The Giant Buddha,Uttar Pradesh,Buddhist temple,4.6,,,,,,,,,,4.69
Bhonsale Ghat,Uttar Pradesh,Religious destination,4.4,,,,,,,,,,4.69
Babua Pandey Ghat,Uttar Pradesh,Hindu temple,4.4,,,,,,,,,,4.69
Dandi Ghat,Uttar Pradesh,Religious destination,4.5,,,,,,,,,,4.69
Panchkot Ghat,Uttar Pradesh,Religious destination,4.4,,,,,,,,,,4.69
Sankatha Ghat,Uttar Pradesh,Hindu temple,4.3,,,,,,,,,,4.69
Manmandir Sri Someshwara Swamy Temple,Uttar Pradesh,Hindu temple,4.7,,,,,,,,,,4.69
Mulagandha Kuti,Uttar Pradesh,Buddhist temple,4.7,,,,,,,,,,4.69
Gulmarg Wildlife Sanctuary,Jammu and Kashmir,Nature preserve,4.5,,,,,,,,,,4.41
Bibi Ka Maqbara,Maharashtra,Historical landmark,4.2,,,,,,,,,,4.49
"Chhatrapati Shivaji Maharaj Museum, Aurangabad.",Maharashtra,Museum,4.2,,,,,,,,,,4.49
Himayatbagh Biodiversity Heritage site,Maharashtra,Garden,4.3,,,,,,,,,,4.35
Makai Gate,Maharashtra,Historical landmark,4.1,,,,,,,,,,4.49
Delhi Gate,Delhi,Historical landmark,4.4,,,,,,,,,,4.51
Soneri Mahal,Maharashtra,Monument,4.2,,,,,,,,,,4.49
Shri Khandoba Temple,Maharashtra,Hindu temple,4.6,,,,,,,,,,4.69
Encore Creative Events,Maharashtra,Hindu temple,4.4,,,,,,,,,,4.69
Balaji Temple - Jagdalpur,Chhattisgarh,Hindu temple,4.6,,,,,,,,,,4.49
Kanger Valley National Park,Chhattisgarh,National park,4.1,,,,,,,,,,4.21
Mata Sarwamangla Temple,Chhattisgarh,Hindu temple,4.6,,,,,,,,,,4.49
Silver Jubilee Park NTPC Jamnipali,Chhattisgarh,Park,4.2,,,,,,,,,,4.21
Kohadiya Garden KP,Chhattisgarh,Park,4.2,,,,,,,,,,4.21
Nehru Nagar Park Bhelwa Talab,Chhattisgarh,Park,4.1,,,,,,,,,,4.21
Shaheed Udyaan,Chhattisgarh,Park,4.5,,,,,,,,,,4.21
Chandi Mandir,Chhattisgarh,Hindu temple,4.5,,,,,,,,,,4.49
Jama Masjid,Chhattisgarh,Mosque,4.4,,,,,,,,,,4.49
Jagannath Temple,Chhattisgarh,Hindu temple,4.5,,,,,,,,,,4.49
"Shree Shirdi Saibaba Mandir - Bhilai City, Chhattisgarh, India",Chhattisgarh,Hindu temple,4.7,,,,,,,,,,4.49
Akkum's Talab Park,Chhattisgarh,Park,4.3,,,,,,,,,,4.21
Panchratan Vatika,Chhattisgarh,Park,4.1,,,,,,,,,,4.21
ARJUN RATH PARK,Chhattisgarh,Park,4.1,,,,,,,,,,4.21
Varsoli Beach,Maharashtra,Public beach,4.3,,,,,,,,,,4.35
Kulaba Fort,Maharashtra,Fortress,4.2,,,,,,,,,,4.49
ISKCON temple Bangalore,Karnataka,Hindu temple,4.6,,,,,,,,,,4.62
Bengaluru Palace,Karnataka,Historical place museum,4.2,,,,,,,,,,4.41
Bannerughatta Biological Park,Karnataka,National park,4.4,,,,,,,,,,4.43
HAL Heritage Centre and Aerospace Museum,Karnataka,Museum,4.4,,,,,,,,,,4.41
Bugle Rock Park,Karnataka,Park,4.4,,,,,,,,,,4.43
M.N. Krishna Rao Park,Karnataka,Park,4.5,,,,,,,,,,4.43
Ashoka Pillar Monument,Karnataka,Historical landmark,4.5,,,,,,,,,,4.41
Mahatma Gandhi Park,Karnataka,Park,4.2,,,,,,,,,,4.43
Rock City View,Karnataka,Scenic spot,4.3,,,,,,,,,,4.43
Melody World Wax Museum,Karnataka,Wax museum,4.1,,,,,,,,,,4.41
Folklore Museum,Karnataka,Museum,4.3,,,,,,,,,,4.41
Sand Museum Mysuru,Karnataka,Art museum,4.7,,,,,,,,,,4.41
Jaganmohan Palace Art Gallery And Auditorium,Karnataka,Art museum,4.2,,,,,,,,,,4.41
Cheluvamba Park,Karnataka,Park,4.4,,,,,,,,,,4.43
Manuvana Park,Karnataka,Park,4.3,,,,,,,,,,4.43
Lingambudhi Park,Karnataka,Park,4.5,,,,,,,,,,4.43
Chikka Gadiyara,Karnataka,Historical landmark,4.5,,,,,,,,,,4.41
Chamundi Hill View Point.,Karnataka,Scenic spot,4.7,,,,,,,,,,4.43
Regional Museum of Natural History Mysore,Karnataka,Museum,4.4,,,,,,,,,,4.41
Guinness World Record Sea Shell Art Museum,Karnataka,Museum,4.5,,,,,,,,,,4.41
Big Clock Tower,Karnataka,Historical landmark,4.5,,,,,,,,,,4.41
Jayalakshmi Vilas Mansion jylkssmii vilaas armne,Karnataka,Historical landmark,4.3,,,,,,,,,,4.41
Chamundi Hills sunrise view point,Karnataka,Vista point,4.6,,,,,,,,,,4.43
Sri Sri Krishna Balaram Mandir (ISKCON Vrindavan),Uttar Pradesh,Hindu temple,4.8,,,,,,,,,,4.69
"Prem Mandir, Vrindavan",Uttar Pradesh,Hindu temple,4.8,,,,,,,,,,4.69
Sri Rangnath Ji Mandir,Uttar Pradesh,Hindu temple,4.6,,,,,,,,,,4.69
Vrindavan Chandrodaya Mandir,Uttar Pradesh,Hindu temple,4.6,,,,,,,,,,4.69
"Shri Radha Damodar Dev Ji Temple, Vrindavan",Uttar Pradesh,Hindu temple,4.8,,,,,,,,,,4.69
"Shri Radhavallabh Lal Ji Temple, Vrindavan",Uttar Pradesh,Hindu temple,4.9,,,,,,,,,,4.69
"Shri Garud Govind Temple, Vrindavan",Uttar Pradesh,Hindu temple,4.7,,,,,,,,,,4.69
"Shahji Temple, Vrindavan",Uttar Pradesh,Hindu temple,4.5,,,,,,,,,,4.69
"Shri Pagal Baba Temple, Vrindavan",Uttar Pradesh,Hindu temple,4.4,,,,,,,,,,4.69
Birla Temple,Uttar Pradesh,Hindu temple,4.4,,,,,,,,,,4.69
"Shri Radha Madan Mohan Ji Temple, Vrindavan",Bihar,Hindu temple,4.7,,,,,,,,,,4.65
"Seva Kunj, Vrindavan",Uttar Pradesh,Hindu temple,4.7,,,,,,,,,,4.69
"Keshi Ghat, Vrindavan",Uttar Pradesh,Religious destination,4.6,,,,,,,,,,4.69
prem mndir vaattikaa,Uttar Pradesh,Garden,4.7,,,,,,,,,,4.29
Temple of Dauji,Uttar Pradesh,Hindu temple,4.5,,,,,,,,,,4.69
"Shri Jugal Kishore Ji Temple, Vrindavan",Uttar Pradesh,Hindu temple,4.7,,,,,,,,,,4.69
India Gate,Delhi,Monument,4.6,,,,,,,,,,4.51
Red Fort,Delhi,Fortress,4.5,,,,,,,,,,4.51
Lodhi Garden,Delhi,Garden,4.5,,,,,,,,,,4.29
Humayun's Tomb,Delhi,Historical landmark,4.5,,,,,,,,,,4.51
Purana Quila,Delhi,Fortress,4.2,,,,,,,,,,4.51
The Garden of Five Senses,Delhi,Garden,4.1,,,,,,,,,,4.29
Darya Khan's Tomb,Delhi,Historical landmark,4.3,,,,,,,,,,4.51
Mumtaz Mahal,Delhi,Historical landmark,4.3,,,,,,,,,,4.51
Jantar Mantar,Delhi,Observatory,4.2,,,,,,,,,,4.29
"Safdarjung Tomb, Delhi",Delhi,Monument,4.4,,,,,,,,,,4.51
Shri Laxmi Narayan Temple (Birla Mandir),Delhi,Hindu temple,4.6,,,,,,,,,,4.69
Tughlakabad Fort Delhi,Delhi,Fortress,4.1,,,,,,,,,,4.51
Hauz Khas Fort,Delhi,Historical landmark,4.4,,,,,,,,,,4.51
Mehrauli Archaeological Park,Delhi,Historical landmark,4.3,,,,,,,,,,4.51
Shanti Stupa New Delhi,Delhi,Buddhist temple,4.4,,,,,,,,,,4.69
"Zafar Mahal, Delhi",Delhi,Historical landmark,4.4,,,,,,,,,,4.51
INTERNATIONAL COIR MUSEUM,Kerala,Museum,4.3,,,,,,,,,,4.42
Revi Karunakaran Memorial Museum,Kerala,Museum,4.2,,,,,,,,,,4.42
Mount Carmel Roman Catholic Latin Cathedral,Kerala,Catholic cathedral,4.6,,,,,,,,,,4.72
The Great Backwaters,Kerala,Nature preserve,4.5,,,,,,,,,,4.43
"Sree Krishna Swamy Temple, Ambalapuzha",Kerala,Hindu temple,4.8,,,,,,,,,,4.72
Alappuzha Beach,Kerala,Beach,4.5,,,,,,,,,,4.43
Mullakkal Rajarajeswari Temple,Kerala,Hindu temple,4.6,,,,,,,,,,4.72
Kidangamparambu Sree Bhuvaneswari Temple,Kerala,Hindu temple,4.5,,,,,,,,,,4.72
Swetamber Jain Temple,Gujarat,Jain temple,4.3,,,,,,,,,,4.6
House of Kalam (APJ Abdul Kalam House / Museum,Tamil Nadu,Museum,4.5,,,,,,,,,,4.37
Ramar Padam,Tamil Nadu,Hindu temple,4.5,,,,,,,,,,4.69
Sri Arulmigu Ramanathaswamy Temple,Tamil Nadu,Hindu temple,4.6,,,,,,,,,,4.69
Shree Rameshwaram Jyotirlinga Shivam Temple,Tamil Nadu,Hindu temple,4.7,,,,,,,,,,4.69
Villoondi Theertham,Tamil Nadu,Hindu temple,4.5,,,,,,,,,,4.69
Lakshmana Tirtham,Tamil Nadu,Hindu temple,4.5,,,,,,,,,,4.69
Vivekananda Memorial House,Tamil Nadu,Museum,4.4,,,,,,,,,,4.37
Rameshwaram Beach Park,Tamil Nadu,Park,4.3,,,,,,,,,,4.41
Rameswaram Ariya Vysya Nagaraja Temple,Tamil Nadu,Hindu temple,4.5,,,,,,,,,,4.69
Meenakshi Amman Temple,Tamil Nadu,Hindu temple,4.7,,,,,,,,,,4.69
Madurai Corporation Eco Park,Tamil Nadu,Ecological park,4.1,,,,,,,,,,4.41
Shri Koodal Azhagar Temple,Tamil Nadu,Hindu temple,4.7,,,,,,,,,,4.69
Maariamman Kovil Teppakulam,Tamil Nadu,Hindu temple,4.6,,,,,,,,,,4.69
Arulmigu Inmaiyil Nanmai Tharuvar Temple,Tamil Nadu,Hindu temple,4.7,,,,,,,,,,4.69
Sri Alagar Temple,Tamil Nadu,Hindu temple,4.7,,,,,,,,,,4.69
Arulmigu Sri Muktheeswarar Temple vaayu sthalam,Tamil Nadu,Hindu temple,4.8,,,,,,,,,,4.69
Yanai Malai Hill,Tamil Nadu,Historical landmark,4.4,,,,,,,,,,4.37
Shri Madurai Veeran Swamy Temple,Tamil Nadu,Hindu temple,4.6,,,,,,,,,,4.69
"Bomdila Buddhist Monastery - Bomdila, West Kameng District, Arunachal Pradesh, India",Arunachal Pradesh,Buddhist temple,4.6,,,,,,,,,,4.59
Buddha Park,Arunachal Pradesh,Park,4.1,,,,,,,,,,4.1
Mandala Associates,Arunachal Pradesh,Buddhist temple,4.3,,,,,,,,,,4.59
Vaishno Dham Temple,Rajasthan,Hindu temple,4.6,,,,,,,,,,4.67
Science Park,Rajasthan,Park,4.2,,,,,,,,,,4.38
Bhraman Path,Rajasthan,Park,4.5,,,,,,,,,,4.38
Seth Bhandasar Jain Temple,Rajasthan,Jain temple,4.6,,,,,,,,,,4.67
Nagar Seth Shree Laxminath Ji mandir,Rajasthan,Hindu temple,4.7,,,,,,,,,,4.67
Prachina Museum,Rajasthan,Historical place museum,4.3,,,,,,,,,,4.51
Museum park,Rajasthan,Park,4.4,,,,,,,,,,4.38
Bikaji Ki Tekri,Rajasthan,Museum,4.2,,,,,,,,,,4.51
Shri Laxminath Temple,Rajasthan,Hindu temple,4.7,,,,,,,,,,4.67
Junagarh Palace And Museum Bikaner,Rajasthan,Heritage museum,4.6,,,,,,,,,,4.51
Jawahar Park,Rajasthan,Park,4.2,,,,,,,,,,4.38
Kodamdesar Bhairav Temple,Rajasthan,Hindu temple,4.5,,,,,,,,,,4.67
Sri Sadul Museum,Rajasthan,Museum,4.1,,,,,,,,,,4.51
RAO BIKAJI PARK,Rajasthan,Park,4.2,,,,,,,,,,4.38
"Shri Shiv Bari Temple - Bikaner District, Rajasthan, India",Rajasthan,Hindu temple,4.6,,,,,,,,,,4.67
Marunayak Ji Ka Temple,Rajasthan,Hindu temple,4.2,,,,,,,,,,4.67
Nehru Park,Rajasthan,Park,4.2,,,,,,,,,,4.38
Radha Park,Rajasthan,Park,4.1,,,,,,,,,,4.38
Karla Caves,Maharashtra,Historical landmark,4.4,,,,,,,,,,4.49
Shree Narayani Dham Temple,Maharashtra,Hindu temple,4.7,,,,,,,,,,4.69
Bhairavnath Temple,Maharashtra,Hindu temple,4.2,,,,,,,,,,4.69
Dalma Wildlife Sanctuary,Jharkhand,Wildlife and safari park,4.2,,,,,,,,,,4.28
Sir Dorabji Tata Park,Jharkhand,Park,4.6,,,,,,,,,,4.28
Bhatia Park,Jharkhand,Park,4.1,,,,,,,,,,4.28
Millennium Park,Jharkhand,Park,4.3,,,,,,,,,,4.28
Jubilee Park,Jharkhand,Park,4.6,,,,,,,,,,4.28
Tata Zoo Lake,Jharkhand,Park,4.4,,,,,,,,,,4.28
Eco- Park,Jharkhand,Park,4.1,,,,,,,,,,4.28
Moolgaokar Park,Jharkhand,Park,4.3,,,,,,,,,,4.28
Jamshedpur Coin Museum,Jharkhand,Museum,4.2,,,,,,,,,,4.23
Dimna Lake,Jharkhand,Park,4.6,,,,,,,,,,4.28
Bat Island,Jharkhand,Park,4.2,,,,,,,,,,4.28
Darbhanga Fort,Bihar,Fortress,4.3,,,,,,,,,,4.19
Shyama Mai Temple,Bihar,Hindu temple,4.7,,,,,,,,,,4.65
Chandradhari Museum,Bihar,Museum,4.1,,,,,,,,,,4.19
Manokamna Mandir,Bihar,Hindu temple,4.6,,,,,,,,,,4.65
Kali Mandir,Bihar,Hindu temple,4.5,,,,,,,,,,4.65
Maharaja Madhav Singh Park,Bihar,Park,4.2,,,,,,,,,,4.19
Shyama Maa Kali Temple,Bihar,Hindu temple,4.5,,,,,,,,,,4.65
Anandbag Botanical Garden,Bihar,Park,4.3,,,,,,,,,,4.19
Rambag Palace,Bihar,Historical landmark,4.2,,,,,,,,,,4.19
Madhuban Ashram,Uttarakhand,Hindu temple,4.5,,,,,,,,,,4.64
Shri Bharat Mandir,Uttarakhand,Hindu temple,4.5,,,,,,,,,,4.64
Virbhadra Temple,Uttarakhand,Hindu temple,4.7,,,,,,,,,,4.64
Marine Drive( Aastha Path ),Uttarakhand,Scenic spot,4.6,,,,,,,,,,4.34
Bhootnath Temple Rishikesh,Uttarakhand,Hindu temple,4.6,,,,,,,,,,4.64
"Trayambakeshwar, Om Shiv Pooja bhandar",Uttarakhand,Hindu temple,4.5,,,,,,,,,,4.64
"Maharishi Mahesh Yogi's Ashram ""Shankaracharya Nagar"" (Rishikesh)",Uttarakhand,Hindu temple,4.5,,,,,,,,,,4.64
Terah Manzil Mandir : terh mNjil mNdir,Uttarakhand,Hindu temple,4.4,,,,,,,,,,4.64
Lakshman Temple,Uttarakhand,Hindu temple,4.4,,,,,,,,,,4.64
Garud Chatti Temple,Uttarakhand,Hindu temple,4.6,,,,,,,,,,4.64
Sri Varahalakshmi Narasimha Swamy Vari Devasthanam,Andhra Pradesh,Hindu temple,4.7,,,,,,,,,,4.7
VMRDA-Kailasagiri,Andhra Pradesh,Park,4.4,,,,,,,,,,4.4
Ross Hill Church,Andhra Pradesh,Catholic church,4.6,,,,,,,,,,4.7
Tenneti Park,Andhra Pradesh,Park,4.5,,,,,,,,,,4.4
Dr Y S Rajasekhar Reddy Central park,Andhra Pradesh,Park,4.4,,,,,,,,,,4.4
VMRDA PARK,Andhra Pradesh,Park,4.3,,,,,,,,,,4.4
Sivaji Park,Andhra Pradesh,Park,4.2,,,,,,,,,,4.4
Thotlakonda,Andhra Pradesh,Historical landmark,4.3,,,,,,,,,,4.34
Visakha Museum,Andhra Pradesh,Museum,4.4,,,,,,,,,,4.34
Lumbini Park,Andhra Pradesh,Park,4.4,,,,,,,,,,4.4
Gokul Park,Andhra Pradesh,Park,4.3,,,,,,,,,,4.4
Hawa Mahal,Andhra Pradesh,Historical landmark,4.3,,,,,,,,,,4.34
Appikonda Beach,Andhra Pradesh,Beach pavillion,4.3,,,,,,,,,,4.4
Lawsons Bay Beach Park,Andhra Pradesh,Park,4.3,,,,,,,,,,4.4
Beach View Point,Andhra Pradesh,Scenic spot,4.5,,,,,,,,,,4.4
Kailasgiri Park,Andhra Pradesh,Garden,4.4,,,,,,,,,,4.4
Tenneti Sea View Point,Andhra Pradesh,Vista point,4.6,,,,,,,,,,4.4
Stone Chariot - Hampi,Karnataka,Historical landmark,4.8,,,,,,,,,,4.41
Lotus Mahal,Karnataka,Historical landmark,4.6,,,,,,,,,,4.41
Elephant Stables,Karnataka,Historical landmark,4.6,,,,,,,,,,4.41
Saasivekaalu Ganesha,Karnataka,Historical landmark,4.6,,,,,,,,,,4.41
Hazara Raama Temple,Karnataka,Hindu temple,4.7,,,,,,,,,,4.62
Mathanga Hill,Karnataka,Historical landmark,4.8,,,,,,,,,,4.41
Hampi Shri Krishna Swamy Temple,Karnataka,Hindu temple,4.6,,,,,,,,,,4.62
Hampi Bazaar,Karnataka,Historical landmark,4.5,,,,,,,,,,4.41
Shree Vijaya Vitthala Temple,Karnataka,Hindu temple,4.8,,,,,,,,,,4.62
"Virupaksha Temple, Hampi",Karnataka,Hindu temple,4.7,,,,,,,,,,4.62
Queen's Bathhouse,Karnataka,Historical landmark,4.3,,,,,,,,,,4.41
Group of Monuments at Hampi,Karnataka,Historical place museum,4.7,,,,,,,,,,4.41
Shri Lakshmi Narasimha Temple,Karnataka,Hindu temple,4.7,,,,,,,,,,4.62
Underground Shiva Temple,Karnataka,Hindu temple,4.5,,,,,,,,,,4.62
Shree Badavilinga Gudi,Karnataka,Hindu temple,4.7,,,,,,,,,,4.62
Hampi,Karnataka,Hindu temple,4.7,,,,,,,,,,4.62
Shri Malyavanta Raghunatha Temple,Karnataka,Hindu temple,4.7,,,,,,,,,,4.62
Kadalekalu Ganesha,Karnataka,Hindu temple,4.6,,,,,,,,,,4.62
Shri Achyutaraaya Swamy Temple,Karnataka,Hindu temple,4.7,,,,,,,,,,4.62
Sunrise Sunset Point - Matanga Betta,Karnataka,Scenic spot,4.8,,,,,,,,,,4.43
Nandi,Karnataka,Hindu temple,4.5,,,,,,,,,,4.62
Octagonal Bath,Karnataka,Monument,4.5,,,,,,,,,,4.41
"Yantrodharaka Hanuman Temple, Hampi",Karnataka,Hindu temple,4.8,,,,,,,,,,4.62
Talwar Gatta,Karnataka,Historical landmark,4.4,,,,,,,,,,4.41
Zanana Enclosure,Karnataka,Historical landmark,4.4,,,,,,,,,,4.41
Temples on Hemakuta Hill,Karnataka,Hindu temple,4.6,,,,,,,,,,4.62
Tungabhadraa Ghats,Karnataka,Historical landmark,4.4,,,,,,,,,,4.41
Hampi Shri Varahaswami Gudi,Karnataka,Hindu temple,4.3,,,,,,,,,,4.62
Shiva Temple,Karnataka,Hindu temple,4.6,,,,,,,,,,4.62
Shri Ranganatha Swami Gudi,Karnataka,Hindu temple,4.3,,,,,,,,,,4.62
Shri Ranganatha Swamy Temple,Karnataka,Hindu temple,4.2,,,,,,,,,,4.62
Chittorgarh Fort,Rajasthan,Fortress,4.6,,,,,,,,,,4.51
Kalika Mata Temple,Rajasthan,Hindu temple,4.7,,,,,,,,,,4.67
Maharani Padmini Palace,Rajasthan,Historical landmark,4.5,,,,,,,,,,4.51
Rana Kumbha Palace,Rajasthan,Historical landmark,4.5,,,,,,,,,,4.51
Suraj Pole,Rajasthan,Historical landmark,4.6,,,,,,,,,,4.51
Ram Pole,Rajasthan,Historical landmark,4.4,,,,,,,,,,4.51
Meera Temple,Rajasthan,Hindu temple,4.6,,,,,,,,,,4.67
Shri Baan Mata Temple,Rajasthan,Hindu temple,4.7,,,,,,,,,,4.67
Fateh Prakash Palace - Government Museum,Rajasthan,Historical place museum,4.5,,,,,,,,,,4.51
Rana Ratan Singh Palace,Rajasthan,Historical landmark,4.5,,,,,,,,,,4.51
Kumbhshyam Temple,Rajasthan,Hindu temple,4.7,,,,,,,,,,4.67
ISKCON Faridabad,Haryana,Hindu temple,4.6,,,,,,,,,,4.82
Tau Devilal Town Park Faridabad (Haryana),Haryana,Park,4.3,,,,,,,,,,4.27
Shri Maharani Vaishno Devi Mandir,Haryana,Hindu temple,4.6,,,,,,,,,,4.82
City Park,Haryana,Park,4.1,,,,,,,,,,4.27
Z Park,Haryana,Park,4.2,,,,,,,,,,4.27
Shirdi Sai Baba Temple,Haryana,Hindu temple,4.8,,,,,,,,,,4.82
Leisure Valley park,Haryana,Park,4.1,,,,,,,,,,4.27
Rose Garden Faridabad,Haryana,Garden,4.1,,,,,,,,,,4.27
"Parson Temple, Faridabad",Haryana,Hindu temple,4.5,,,,,,,,,,4.82
Kalibari Temple,Haryana,Hindu temple,4.7,,,,,,,,,,4.82
Laxmi Narayan Mandir,Haryana,Hindu temple,4.6,,,,,,,,,,4.82
Shiv Mandir,Haryana,Hindu temple,4.4,,,,,,,,,,4.82
Sheetla Mata Mandir,Haryana,Hindu temple,4.4,,,,,,,,,,4.82
Mata Vaishno Devi Mandir Faridabad,Haryana,Hindu temple,4.5,,,,,,,,,,4.82
Satkunda Mandir,Haryana,Hindu temple,4.5,,,,,,,,,,4.82
Juta sewa,Haryana,Hindu temple,4.4,,,,,,,,,,4.82
"Shree Ayyappa Temple - Sector 5, Bokaro SteelCity, Jharkhand, India",Jharkhand,Hindu temple,4.6,,,,,,,,,,4.63
Jagannath Mandir Bokaro,Jharkhand,Hindu temple,4.6,,,,,,,,,,4.63
Gayatri Mandir,Jharkhand,Hindu temple,4.5,,,,,,,,,,4.63
"Jama Masjid, Sector-4",Jharkhand,Mosque,4.5,,,,,,,,,,4.63
RADIO Tower Chowk,Jharkhand,Garden,4.1,,,,,,,,,,4.28
Park,Jharkhand,Park,4.3,,,,,,,,,,4.28
Bhawanipur Maa Kali Mandir Park,Jharkhand,Park,4.4,,,,,,,,,,4.28
Raja's Seat View point,Karnataka,Scenic spot,4.4,,,,,,,,,,4.43
Elephants' Statue,Karnataka,Historical landmark,4.2,,,,,,,,,,4.41
Raja's seat park,Karnataka,Park,4.5,,,,,,,,,,4.43
Kunduru Motte Sri Chowtti Maramma Tayi Temple,Karnataka,Hindu temple,4.7,,,,,,,,,,4.62
Gandhi Mantapa,Karnataka,Monument,4.1,,,,,,,,,,4.41
Karwale Bhagavathi Temple,Karnataka,Hindu temple,4.5,,,,,,,,,,4.62
Vaishno Devi,Jammu and Kashmir,Hindu temple,4.7,,,,,,,,,,4.68
Bhairo Baba Temple,Jammu and Kashmir,Hindu temple,4.7,,,,,,,,,,4.68
India Gate,Delhi,Monument,4.6,,,,,,,,,,4.51
Red Fort,Delhi,Fortress,4.5,,,,,,,,,,4.51
Qutub Minar,Delhi,Monument,4.5,,,,,,,,,,4.51
Gurudwara Sis Ganj Sahib,Delhi,Gurudwara,4.8,,,,,,,,,,4.69
Shri Kalka Ji Temple,Delhi,Hindu temple,4.6,,,,,,,,,,4.69
Purana Quila,Delhi,Fortress,4.2,,,,,,,,,,4.51
The Garden of Five Senses,Delhi,Garden,4.1,,,,,,,,,,4.29
Dargah Nizamuddin Aulia,Delhi,Shrine,4.6,,,,,,,,,,4.69
Millennium Park,Delhi,Park,4.2,,,,,,,,,,4.29
Sulabh International Museum Of Toilets,Delhi,Museum,4.3,,,,,,,,,,4.51
Shankar's International Dolls Museum,Delhi,Museum,4.2,,,,,,,,,,4.51
Darya Khan's Tomb,Delhi,Historical landmark,4.3,,,,,,,,,,4.51
Mumtaz Mahal,Delhi,Historical landmark,4.3,,,,,,,,,,4.51
Jantar Mantar,Delhi,Observatory,4.2,,,,,,,,,,4.29
Nehru Park,Delhi,Park,4.5,,,,,,,,,,4.29
"Indira Gandhi Memorial Museum, Delhi",Delhi,Museum,4.5,,,,,,,,,,4.51
"Safdarjung Tomb, Delhi",Delhi,Monument,4.4,,,,,,,,,,4.51
Shri Laxmi Narayan Temple (Birla Mandir),Delhi,Hindu temple,4.6,,,,,,,,,,4.69
Tughlakabad Fort Delhi,Delhi,Fortress,4.1,,,,,,,,,,4.51
Bharat Darshan Park,Punjab,Park,4.3,,,,,,,,,,4.36
Indraprastha Park,Delhi,Park,4.2,,,,,,,,,,4.29
Deer Park,Delhi,Park,4.4,,,,,,,,,,4.29
Hauz Khas Fort,Delhi,Historical landmark,4.4,,,,,,,,,,4.51
"Isa Khan's Tomb, Delhi",Delhi,Historical landmark,4.4,,,,,,,,,,4.51
Mehrauli Archaeological Park,Delhi,Historical landmark,4.3,,,,,,,,,,4.51
"Iron Pillar, Delhi",Delhi,Monument,4.6,,,,,,,,,,4.51
India Africa Friendship Rose Garden,Delhi,Garden,4.4,,,,,,,,,,4.29
Charkha Museum,Delhi,Museum,4.2,,,,,,,,,,4.51
Qudsia Bagh,Delhi,Park,4.3,,,,,,,,,,4.29
"Satpula, Delhi",Delhi,Historical landmark,4.1,,,,,,,,,,4.51
Rajon Ki Baoli,Delhi,Archaeological site,4.1,,,,,,,,,,4.51
Indian War Memorial Museum,Delhi,Museum,4.4,,,,,,,,,,4.51
Tomb of Iltutmish,Delhi,Historical landmark,4.5,,,,,,,,,,4.51
Ram Yantra,Delhi,Monument,4.7,,,,,,,,,,4.51
"Hall of Fame, Leh",Jammu and Kashmir,Museum,4.7,,,,,,,,,,4.5
Shanti Stupa,Jammu and Kashmir,Buddhist temple,4.7,,,,,,,,,,4.68
Mcleod Ganj Trekk,Himachal Pradesh,Park,4.7,,,,,,,,,,4.49
Namgyal Monastery,Himachal Pradesh,Monastery,4.6,,,,,,,,,,4.59
Laka Glacier,Himachal Pradesh,Hiking area,4.8,,,,,,,,,,4.49
Bhagsu Naag Temple,Himachal Pradesh,Hindu temple,4.5,,,,,,,,,,4.59
Naddi Hill Point Mcleod Ganj,Himachal Pradesh,Scenic spot,4.5,,,,,,,,,,4.49
Tsuglagkhang Complex Dalai Lama Temple,Himachal Pradesh,Monastery,4.6,,,,,,,,,,4.59
Aghanjar Mahadev,Himachal Pradesh,Hindu temple,4.7,,,,,,,,,,4.59
Kalachakra temple,Himachal Pradesh,Buddhist temple,4.5,,,,,,,,,,4.59
Dip Tse Chok Ling,Himachal Pradesh,Buddhist temple,4.4,,,,,,,,,,4.59
McLeod Square Temple,Himachal Pradesh,Buddhist temple,4.5,,,,,,,,,,4.59
Shree Kalaram Mandir Sansthan,Maharashtra,Hindu temple,4.7,,,,,,,,,,4.69
Shrine of the Infant Jesus (Nashik),Maharashtra,Catholic church,4.8,,,,,,,,,,4.69
Coin Museum (Shanti-Krishna Museum of Money and History),Maharashtra,Museum,4.3,,,,,,,,,,4.49
Savata Nagar - Shree Saptashrungi Nivasini Devi Shaktipeeth,Maharashtra,Hindu temple,4.4,,,,,,,,,,4.69
Kusumagraj Pratishthan,Maharashtra,Museum,4.4,,,,,,,,,,4.49
Muktidham Mandir,Maharashtra,Hindu temple,4.5,,,,,,,,,,4.69
Ramkund Panchwati,Maharashtra,Religious destination,4.4,,,,,,,,,,4.69
Bhaktidham,Maharashtra,Hindu temple,4.4,,,,,,,,,,4.69
Temple Hill,Maharashtra,Park,4.4,,,,,,,,,,4.35
Chambar Leni,Maharashtra,Jain temple,4.5,,,,,,,,,,4.69
Triveni Sangam,Maharashtra,Hindu temple,4.4,,,,,,,,,,4.69
Naroshankar Temple,Maharashtra,Hindu temple,4.5,,,,,,,,,,4.69
Sai Baba Temple,Maharashtra,Hindu temple,4.5,,,,,,,,,,4.69
Ved Mandir,Maharashtra,Hindu temple,4.4,,,,,,,,,,4.69
Sundar narayan mandir,Maharashtra,Hindu temple,4.5,,,,,,,,,,4.69
Shri Laxman Rekha Temple,Maharashtra,Historical landmark,4.4,,,,,,,,,,4.49
Shri Laxmi Narayan Mandir,Maharashtra,Hindu temple,4.5,,,,,,,,,,4.69
JAGANNATH MANDIR,Maharashtra,Hindu temple,4.7,,,,,,,,,,4.69
Kalavati Aai Mandir,Maharashtra,Hindu temple,4.6,,,,,,,,,,4.69
BIRLA AROGYA MANDIR,Maharashtra,Hindu temple,4.3,,,,,,,,,,4.69
goraaraam mNdir,Maharashtra,Hindu temple,4.5,,,,,,,,,,4.69
Ganapati Temple,Maharashtra,Hindu temple,4.5,,,,,,,,,,4.69
Mahabaleshwar Temple,Maharashtra,Hindu temple,4.7,,,,,,,,,,4.69
Venna Lake,Maharashtra,Lake,4.4,,,,,,,,,,4.35
Bhilar Water Fall Point,Maharashtra,Scenic spot,4.2,,,,,,,,,,4.35
Krishnabai Mandir,Maharashtra,Hindu temple,4.7,,,,,,,,,,4.69
Holy Cross Church Mahabaleshwar,Maharashtra,Catholic church,4.5,,,,,,,,,,4.69
Valley View Waterfall,Maharashtra,Nature preserve,4.6,,,,,,,,,,4.35
Sri Harmandir Sahib,Punjab,Gurudwara,4.9,,,,,,,,,,4.9
"The Partition Museum - Amritsar District, Punjab, India",Punjab,Historical place museum,4.6,,,,,,,,,,4.51
Gobindgarh Fort,Punjab,Fortress,4.3,,,,,,,,,,4.51
"Shri Durgiana Temple, Amritsar",Goa,Hindu temple,4.7,,,,,,,,,,4.54
Gurudwara Chheharta Sahib,Punjab,Gurudwara,4.9,,,,,,,,,,4.9
Akal Takht Sahib,Punjab,Gurudwara,4.8,,,,,,,,,,4.9
Jallianwala Bagh Museum,Punjab,Museum,4.6,,,,,,,,,,4.51
Iskcon Temple,Punjab,Hindu temple,4.6,,,,,,,,,,4.9
Shri Dukh Bhanjani Beri Sahib,Punjab,Gurudwara,4.8,,,,,,,,,,4.9
Rose Garden,Punjab,Garden,4.3,,,,,,,,,,4.36
Mata Lal Devi Mandir,Punjab,Hindu temple,4.7,,,,,,,,,,4.9
Maharaja Ranjit Singh Garden,Punjab,Garden,4.5,,,,,,,,,,4.36
Central Sikh Museum,Punjab,Heritage museum,4.7,,,,,,,,,,4.51
Jalianwala Bag Centenary Memorial,Punjab,Park,4.7,,,,,,,,,,4.36
Varenium Park,Punjab,Park,4.2,,,,,,,,,,4.36
Sita Ram Mandir,Punjab,Hindu temple,4.5,,,,,,,,,,4.9
Chatiwind canal,Punjab,Park,4.5,,,,,,,,,,4.36
Shree Jagannatha Temple Puri,Odisha,Hindu temple,4.7,,,,,,,,,,4.69
"Shree Gundicha Temple, Puri",Odisha,Hindu temple,4.6,,,,,,,,,,4.69
Mahatma Gandhi Park,Odisha,Park,4.4,,,,,,,,,,4.49
"Sakshi Gopal Temple , Puri",Odisha,Hindu temple,4.5,,,,,,,,,,4.69
Maa Baliharachandi Temple,Odisha,Hindu temple,4.5,,,,,,,,,,4.69
Niladri Beach,Odisha,Public beach,4.6,,,,,,,,,,4.49
Shri Markandeswara Swamy Temple,Odisha,Hindu temple,4.4,,,,,,,,,,4.69
Sunara Gouranga Temple,Odisha,Hindu temple,4.4,,,,,,,,,,4.69
"Shri Vimala Shakti Peetha Temple, Puri",Odisha,Hindu temple,4.6,,,,,,,,,,4.69
Digabareni Pillar,Odisha,Historical landmark,4.3,,,,,,,,,,4.46
Kanha Tiger Reserve,Madhya Pradesh,National park,4.5,,,,,,,,,,4.34
Life Spring Corner,Assam,Park,4.1,,,,,,,,,,4.49
Sri Venkateswara Swamy Temple,Andhra Pradesh,Hindu temple,4.7,,,,,,,,,,4.7
Chandragiri Fort,Andhra Pradesh,Museum,4.2,,,,,,,,,,4.34
Tirumala Deer Park Reserve,Andhra Pradesh,National park,4.5,,,,,,,,,,4.4
Srivari Paadaalu,Andhra Pradesh,Hindu temple,4.7,,,,,,,,,,4.7
Prakasam Park,Andhra Pradesh,Park,4.3,,,,,,,,,,4.4
Japali Anjaneya Swami devalayam,Andhra Pradesh,Hindu temple,4.8,,,,,,,,,,4.7
Silathoranam Garden,Andhra Pradesh,Park,4.6,,,,,,,,,,4.4
Sri Kapileswara Swamy Temple | Tirupati,Andhra Pradesh,Hindu temple,4.7,,,,,,,,,,4.7
Narayanagiri Gardens,Andhra Pradesh,Park,4.4,,,,,,,,,,4.4
"Sri Prasanna Venkateswara Swamy Temple, Appalayagunta",Andhra Pradesh,Hindu temple,4.8,,,,,,,,,,4.7
Sri Babu Jagjivanram park,Andhra Pradesh,Park,4.3,,,,,,,,,,4.4
Tirumala Chakratheertham,Andhra Pradesh,Hindu temple,4.5,,,,,,,,,,4.7
Divyaramam Park,Andhra Pradesh,National park,4.4,,,,,,,,,,4.4
Papavinasam Theertham,Andhra Pradesh,Hindu temple,4.5,,,,,,,,,,4.7
Lepakshi Circle,Andhra Pradesh,Historical landmark,4.6,,,,,,,,,,4.34
Sri Padmavathi Park,Andhra Pradesh,Park,4.2,,,,,,,,,,4.4
"Sri Anjaneyaswami Mandir, Tirumala Tirupati",Andhra Pradesh,Hindu temple,4.8,,,,,,,,,,4.7
Sri Venugopala Swamy Temple,Andhra Pradesh,Hindu temple,4.5,,,,,,,,,,4.7
Hanuman Temple,Andhra Pradesh,Hindu temple,4.7,,,,,,,,,,4.7
Geetopadesam Park,Andhra Pradesh,Park,4.5,,,,,,,,,,4.4
Govindaraja Swamy Temple Museum,Andhra Pradesh,Museum,4.6,,,,,,,,,,4.34
Archaeological Museum,Andhra Pradesh,Museum,4.3,,,,,,,,,,4.34
Jungle Book & Park,Andhra Pradesh,Park,4.1,,,,,,,,,,4.4
Swami Pushkarini,Andhra Pradesh,Hindu temple,4.7,,,,,,,,,,4.7
Gogarbham Dam Park,Andhra Pradesh,Park,4.3,,,,,,,,,,4.4
Sri Bedi Anjaneya Swamy Temple,Andhra Pradesh,Hindu temple,4.7,,,,,,,,,,4.7
Sri Venkateshwara Temple,Andhra Pradesh,Hindu temple,4.5,,,,,,,,,,4.7
Chakra Teertham,Andhra Pradesh,Lake,4.5,,,,,,,,,,4.4
Tirumala View Point,Andhra Pradesh,Vista point,4.8,,,,,,,,,,4.4
Sri Siva Nagendra Swami Temple,Andhra Pradesh,Hindu temple,4.3,,,,,,,,,,4.7
Rock Garden.,Andhra Pradesh,Park,4.5,,,,,,,,,,4.4
GMR Eco Park,Andhra Pradesh,Park,4.6,,,,,,,,,,4.4
Sri Venkateswara Dhyana Jnana Mandiram,Andhra Pradesh,Museum,4.5,,,,,,,,,,4.34
Kumaradhara Theertham,Andhra Pradesh,Hindu temple,4.6,,,,,,,,,,4.7
View Point of Jungle Book,Andhra Pradesh,Vista point,4.2,,,,,,,,,,4.4
P3,Andhra Pradesh,Park,4.3,,,,,,,,,,4.4
Seshachala Vanadarshini Forest Museum,Andhra Pradesh,Museum,4.3,,,,,,,,,,4.34
Shri Amarnath Cave Temple,Jammu and Kashmir,Religious destination,4.5,,,,,,,,,,4.68
SOHAM Himalayan Centre,Uttarakhand,Museum,4.6,,,,,,,,,,4.49
Lal Tibba Scenic Point,Uttarakhand,Scenic spot,4.2,,,,,,,,,,4.34
Christ Church,Uttarakhand,Church,4.3,,,,,,,,,,4.64
"Ugra Kheri, Park",Haryana,Park,4.4,,,,,,,,,,4.27
Tau Devi Lal Park,Haryana,Park,4.2,,,,,,,,,,4.27
Kala Amb Park,Haryana,Park,4.2,,,,,,,,,,4.27
Mela Ram Park,Haryana,Park,4.1,,,,,,,,,,4.27
Ganga Park,Haryana,Park,4.1,,,,,,,,,,4.27
Mattancherry Palace,Kerala,History museum,4.2,,,,,,,,,,4.42
Subhash Bose Park,Kerala,Park,4.5,,,,,,,,,,4.43
Queen's Walkway,Kerala,Scenic spot,4.6,,,,,,,,,,4.43
Indian Naval Maritime Museum,Kerala,Museum,4.6,,,,,,,,,,4.42
Njarackal Arattuvazhi Beach,Kerala,Public beach,4.2,,,,,,,,,,4.43
International Tourism Police Station And Police Museum,Kerala,Museum,4.3,,,,,,,,,,4.42
Ghoom Monastery (Samten Choeling),West Bengal,Monastery,4.3,,,,,,,,,,4.55
Batasia Eco Garden,West Bengal,Garden,4.5,,,,,,,,,,4.43
Yiga Choeling Monastery,West Bengal,Buddhist temple,4.5,,,,,,,,,,4.55
HMI MUSEUM,West Bengal,Museum,4.6,,,,,,,,,,4.54
"Peace Pagoda, Darjeeling",West Bengal,Buddhist temple,4.6,,,,,,,,,,4.55
Tea Garden View,West Bengal,Nature preserve,4.3,,,,,,,,,,4.43
"Japanese Buddhist Temple, Darjeeling",West Bengal,Buddhist temple,4.5,,,,,,,,,,4.55
Darjeeling Clock Tower,West Bengal,Historical landmark,4.3,,,,,,,,,,4.54
Mahakal Temple,West Bengal,Hindu temple,4.7,,,,,,,,,,4.55
Happy Valley Tea Estate,West Bengal,Garden,4.4,,,,,,,,,,4.43
Shrubbery Nightingale Park,West Bengal,Park,4.3,,,,,,,,,,4.43
Himalayan Tibet Museum,West Bengal,Museum,4.5,,,,,,,,,,4.54
St. Andrews Church,West Bengal,Anglican church,4.4,,,,,,,,,,4.55
"DHR Ghum Railway Museum - Darjeeling District, West Bengal, India",West Bengal,Heritage museum,4.3,,,,,,,,,,4.54
Guiders,West Bengal,Buddhist temple,4.5,,,,,,,,,,4.55
Kovalam Beach,Kerala,Public beach,4.4,,,,,,,,,,4.43
Grove Beach,Kerala,Public beach,4.3,,,,,,,,,,4.43
Kovalam Sea View,Kerala,Vista point,4.5,,,,,,,,,,4.43
Rock Cut Cave Shiva Temple,Kerala,Historical landmark,4.2,,,,,,,,,,4.42
Samudra Beach Park,Kerala,Beach,4.3,,,,,,,,,,4.43
Valley of Flowers National Park,Uttarakhand,National park,4.7,,,,,,,,,,4.34
"Shri Narsingh Temple, Joshimath",Uttarakhand,Hindu temple,4.8,,,,,,,,,,4.64
Chalal Trek Trail,Himachal Pradesh,Hiking area,4.5,,,,,,,,,,4.49
Parvati Valley,Himachal Pradesh,Nature preserve,4.7,,,,,,,,,,4.49
Nature Park Kasol,Himachal Pradesh,Park,4.5,,,,,,,,,,4.49
Bijbehara The town of Chinars,Jammu and Kashmir,Historical landmark,4.5,,,,,,,,,,4.5
Baba Naseeb Din Park,Jammu and Kashmir,Park,4.2,,,,,,,,,,4.41
Heritage Park,Tripura,Park,4.2,,,,,,,,,,4.19
Ujjayanta Palace Museum,Tripura,Museum,4.5,,,,,,,,,,4.5
Dimsagar Lake Park,Tripura,Park,4.1,,,,,,,,,,4.19
Jagannath Bari,Tripura,Hindu temple,4.5,,,,,,,,,,4.47
Rabindra Kanan,Tripura,Park,4.1,,,,,,,,,,4.19
ISKCON Agartala,Tripura,Hindu temple,4.4,,,,,,,,,,4.47
Fourteen Gods' and Goddesses' Temple,Tripura,Hindu temple,4.5,,,,,,,,,,4.47
Tripura State Museum,Tripura,Museum,4.5,,,,,,,,,,4.5
State's Highest National Flag,Tripura,Park,4.7,,,,,,,,,,4.19
Chitai Golu Devta Temple,Uttarakhand,Hindu temple,4.8,,,,,,,,,,4.64
Kasar Devi Temple Almora,Uttarakhand,Hindu temple,4.8,,,,,,,,,,4.64
Katarmal Sun Temple,Uttarakhand,Hindu temple,4.7,,,,,,,,,,4.64
Syahi Devi Temple,Uttarakhand,Hindu temple,4.6,,,,,,,,,,4.64
Khagmara Temple,Uttarakhand,Hindu temple,4.2,,,,,,,,,,4.64
Top Station,Tamil Nadu,Scenic spot,4.4,,,,,,,,,,4.41
Munnar Hiking Trails,Kerala,Hiking area,5,,,,,,,,,,4.43
Munnar Hiking Adventures | Munnar Trekking | Munnar Trekking Adventure | Best Munnar Trekking | Munnar Hiking,Kerala,Hiking area,5,,,,,,,,,,4.43
Munnar Rose Garden,Kerala,Garden,4.3,,,,,,,,,,4.43
C.S.I Christ Church,Kerala,Anglican church,4.5,,,,,,,,,,4.72
Meeshappulimala View Point,Kerala,Vista point,4.7,,,,,,,,,,4.43
"Silent Valley, Munnar",Kerala,Scenic spot,4.8,,,,,,,,,,4.43
Sri Arulmigu Subramaniya Swamy Temple Marudhamalai,Tamil Nadu,Hindu temple,4.7,,,,,,,,,,4.69
Gedee Car Museum,Tamil Nadu,Museum,4.6,,,,,,,,,,4.37
Ramar Temple,Tamil Nadu,Hindu temple,4.7,,,,,,,,,,4.69
Sri Masaniamman Temple,Tamil Nadu,Hindu temple,4.5,,,,,,,,,,4.69
Gass Forest Museum,Tamil Nadu,Museum,4.4,,,,,,,,,,4.37
Charminar,Telangana,Monument,4.5,,,,,,,,,,4.45
Golconda Fort,Telangana,Fortress,4.4,,,,,,,,,,4.45
Salar Jung Museum,Telangana,Art museum,4.4,,,,,,,,,,4.45
Chowmahalla Palace,Telangana,Castle,4.4,,,,,,,,,,4.45
Kasu Brahmanandha Reddy National Park (KBR),Telangana,National park,4.4,,,,,,,,,,4.16
Lumbini Park,Telangana,Park,4.1,,,,,,,,,,4.16
Birla Mandir,Telangana,Hindu temple,4.7,,,,,,,,,,4.7
The Nizam's Museum,Telangana,Museum,4.2,,,,,,,,,,4.45
Purani Haveli,Telangana,Museum,4.4,,,,,,,,,,4.45
Tahniyat Mahal,Telangana,Museum,4.6,,,,,,,,,,4.45
Bada Imambara,Uttar Pradesh,Historical landmark,4.4,,,,,,,,,,4.5
Gomti Riverfront Park,Uttar Pradesh,Park,4.3,,,,,,,,,,4.29
Rumi Darwaza,Uttar Pradesh,Historical landmark,4.5,,,,,,,,,,4.5
"The Residency, Lucknow",Uttar Pradesh,Archaeological site,4.3,,,,,,,,,,4.5
Chota Imambara,Uttar Pradesh,Monument,4.5,,,,,,,,,,4.5
State Museum Lucknow,Uttar Pradesh,Museum,4.3,,,,,,,,,,4.5
Sikandar Bagh,Uttar Pradesh,Historical landmark,4.1,,,,,,,,,,4.5
Satkhanda,Uttar Pradesh,Historical landmark,4.4,,,,,,,,,,4.5
Chhatar Manzil,Uttar Pradesh,Heritage building,4.2,,,,,,,,,,4.5
Shaheed Smarak,Uttar Pradesh,Monument,4.4,,,,,,,,,,4.5
Suraj Kund Park,Uttar Pradesh,Park,4.1,,,,,,,,,,4.29
"Pahari Mandir, Ranchi",Jharkhand,Hindu temple,4.6,,,,,,,,,,4.63
Oxygen Park,Jharkhand,Park,4.3,,,,,,,,,,4.28
Jagannath Mandir,Jharkhand,Hindu temple,4.7,,,,,,,,,,4.63
"Biodiversity Park - Ranchi District, Jharkhand, India",Jharkhand,Park,4.3,,,,,,,,,,4.28
Shahid Sankalp Children Park,Jharkhand,Park,4.2,,,,,,,,,,4.28
Kanke Dam Park,Jharkhand,Park,4.2,,,,,,,,,,4.28
Dhurwa Dam Park,Jharkhand,Park,4.2,,,,,,,,,,4.28
State Museum,Jharkhand,Heritage museum,4.3,,,,,,,,,,4.23
"Gompa Buddhist Temple - Itanagar, Arunachal Pradesh, India",Arunachal Pradesh,Buddhist temple,4.4,,,,,,,,,,4.59
State Museum,Arunachal Pradesh,Museum,4.2,,,,,,,,,,4.2
Eco Park,West Bengal,Park,4.5,,,,,,,,,,4.43
Victoria Memorial,West Bengal,Museum,4.6,,,,,,,,,,4.54
Indian Museum,West Bengal,Museum,4.5,,,,,,,,,,4.54
"Millennium Park, Kolkata",West Bengal,Park,4.1,,,,,,,,,,4.43
Nakhoda Masjid,West Bengal,Mosque,4.6,,,,,,,,,,4.55
Sri Jagannath Temple - Khidirpur,West Bengal,Hindu temple,4.7,,,,,,,,,,4.55
St. John's Church,West Bengal,Church,4.6,,,,,,,,,,4.55
Kolkata Police Museum,West Bengal,Museum,4.6,,,,,,,,,,4.54
Rabindra Sarobar Lake,West Bengal,Park,4.5,,,,,,,,,,4.43
James Prinsep Monument,West Bengal,Historical landmark,4.5,,,,,,,,,,4.54
St. Paul Cathedral Church,West Bengal,Church,4.6,,,,,,,,,,4.55
Birla Mandir,West Bengal,Hindu temple,4.6,,,,,,,,,,4.55
Elliot Park,West Bengal,Park,4.3,,,,,,,,,,4.43
"Fort William, India",West Bengal,Fortress,4.6,,,,,,,,,,4.54
Jorasanko Thakurbari,West Bengal,Museum,4.6,,,,,,,,,,4.54
"Central Park, Salt Lake, Kolkata",West Bengal,Park,4.3,,,,,,,,,,4.43
Tala Jheel Park Kolkata,West Bengal,Park,4.3,,,,,,,,,,4.43
Lions Safari Park,West Bengal,Park,4.6,,,,,,,,,,4.43
Mohar Kunja,West Bengal,Park,4.4,,,,,,,,,,4.43
Shaheed Minar,West Bengal,Historical landmark,4.4,,,,,,,,,,4.54
Metcalfe Hall,West Bengal,Museum,4.6,,,,,,,,,,4.54
Shiv Mandir Sarbajanin Durgapuja,West Bengal,Historical place museum,4.5,,,,,,,,,,4.54
Smaranika Tram Museum,West Bengal,Museum,4.4,,,,,,,,,,4.54
Nipponzan Myohoji Buddhist Temple,West Bengal,Buddhist temple,4.6,,,,,,,,,,4.55
Nature Study Park,West Bengal,Park,4.2,,,,,,,,,,4.43
Victoria Square,West Bengal,Park,4.4,,,,,,,,,,4.43
Citizen's Park,West Bengal,Park,4.4,,,,,,,,,,4.43
Jorasanko Rajbati,West Bengal,Historical landmark,4.3,,,,,,,,,,4.54
Minmangal Ghat,West Bengal,Historical landmark,4.3,,,,,,,,,,4.54
Maulana Azad Museum,West Bengal,Museum,4.5,,,,,,,,,,4.54
leniner muurti,West Bengal,Historical landmark,4.1,,,,,,,,,,4.54
DHEU SAGAR,West Bengal,Park,4.3,,,,,,,,,,4.43
Boating point at Amarabati Park,West Bengal,Park,4.2,,,,,,,,,,4.43
Varkala International Beach,Kerala,Beach pavillion,4.5,,,,,,,,,,4.43
Varkala Beachside Cliff,Kerala,Public beach,4.6,,,,,,,,,,4.43
Sri Janardanaswamy Temple,Kerala,Hindu temple,4.7,,,,,,,,,,4.72
Kappil Beach,Kerala,Beach,4.5,,,,,,,,,,4.43
The Black Sand Beach Varkala,Kerala,Public beach,4.5,,,,,,,,,,4.43
Arivalam Beach Park Varkala,Kerala,Park,4.2,,,,,,,,,,4.43
Papanasam Beach,Kerala,Public beach,4.4,,,,,,,,,,4.43
Varkala Bali Mandapam,Kerala,Hindu temple,4.5,,,,,,,,,,4.72
Aaliyirakkam Beach,Kerala,Beach pavillion,4.2,,,,,,,,,,4.43
Bengal Safari,West Bengal,Wildlife and safari park,4.2,,,,,,,,,,4.43
ISKCON Siliguri,West Bengal,Hindu temple,4.5,,,,,,,,,,4.55
SALUGARA MONASTERY,West Bengal,Buddhist temple,4.4,,,,,,,,,,4.55
Sevokeshwari Kali Temple,West Bengal,Hindu temple,4.6,,,,,,,,,,4.55
Sepoy Dhura Tea Garden,West Bengal,Garden,4.1,,,,,,,,,,4.43
Lokenath Mandir,West Bengal,Hindu temple,4.5,,,,,,,,,,4.55
Sevoke Forest,West Bengal,National forest,4.6,,,,,,,,,,4.43
Lokenath Baba Mandir,West Bengal,Hindu temple,4.5,,,,,,,,,,4.55
