Hotel_Name,rating,City,price_per_night,available_rooms
Crowne Plaza Kochi,4.6,kochi,8854,24
Trident Hotel Cochin,4.5,kochi,6441,93
The Galaxy Suites,3.8,kochi,831,30
The Renai cochin,4.2,kochi,2768,72
Ramada by Wyndham Kochi,4.5,kochi,8938,40
The Renai cochin,4.2,kochi,2768,12
"Radisson Blu Hotel, Kochi",4.3,kochi,6061,60
"Holiday Inn Cochin, an IHG Hotel",4.4,kochi,5689,77
OAK FIELD INN,3.8,kochi,819,15
Grand Hyatt Kochi Bolgatty,4.7,kochi,14282,28
Hotel South Gate Residency,3.9,kochi,1051,53
Cherai Beach Resorts,3.9,kochi,3281,58
North Centre Hotel,4.7,kochi,1118,41
Boche Island - Kumbalangi,4.1,kochi,5855,60
Trident Hotel Cochin,4.5,kochi,5406,45
"Nihara Resort & Spa, Kadamakudy Island, Kochi",4.3,kochi,4692,6
Ayurjani Ayurvedics,4.2,kochi,896,30
Niko Hotels,4.6,kochi,2073,37
Crowne Plaza Kochi,4.6,kochi,8776,21
The Gateway Hotel Marine Drive Ernakulam,4.3,kochi,7252,99
Napier Heritage Fort Kochi,4.5,kochi,3808,69
"Radisson Blu Hotel, Kochi",4.3,kochi,6039,62
Maurya Rajadhani,4,trivandrum,2812,35
"Biverah Hotel and Suites, 4-star hotels in Trivandrum, Medical college, kims hospital, hotels in trivandrum, budget hotel",3.8,trivandrum,2898,33
Montecello Home Stay,3.2,trivandrum,643,17
HOTEL HIGHLAND,4,trivandrum,1350,79
Ariya Nivaas - A Vegetarian Hotel,4.2,trivandrum,2401,81
PLANET RESIDENCY,4.5,trivandrum,1263,89
Saras Park Inn,3.4,trivandrum,875,21
Stayzone Royal INN,3.7,trivandrum,909,5
Hotel Prathiba Heritage,3.7,trivandrum,956,54
Adara Residency,4.3,trivandrum,1616,20
Hotel Venkateswara,3.7,trivandrum,1347,23
Hilton Garden Inn Trivandrum,4.3,trivandrum,6837,65
KTDC Grand Chaithram,4.1,trivandrum,2509,14
Majestic Lodge,4.1,trivandrum,1236,47
Safire Residency,4,trivandrum,1165,18
Hotel Sunday - Townhouse Club - Near Airport - Trivandrum,3.7,trivandrum,1120,59
Meghna Residency,3.6,trivandrum,831,85
The South Gate By WB Hotels,3.9,trivandrum,2111,69
Anies Garden | Rooms in a Homestay,4.3,trivandrum,1645,4
Treebo Trend Goodland Residency,4.1,trivandrum,4265,32
Windsor Rajadhani,4.1,trivandrum,4341,8
Backwater Ripples,4.4,kumarakom,8968,29
Lakesong Resort,4.2,kumarakom,11948,53
Abad Whispering Palms | Resort in Kumarakom,4.3,kumarakom,6921,91
Cocobay Resort,4.2,kumarakom,6138,68
Paradise Resorts Kumarakom,4.1,kumarakom,5148,64
"The Zuri Kumarakom, Kerala Resort & Spa",4.3,kumarakom,13682,70
Saro Lake County,4,kumarakom,2945,61
Kumarakom Heritage Resort & Ayurveda,4.1,kumarakom,5355,63
Rhythm Kumarakom,4.5,kumarakom,14712,38
Manor Backwater Resort,3.8,kumarakom,3024,69
ILLIKKALAM Lakeside Cottages,4.1,kumarakom,3549,53
KTDC Waterscapes,4.5,kumarakom,10560,20
Backwater Brook,4.7,kumarakom,5063,28
Gokulam Grand Resort and Spa Kumarakom,4.7,kumarakom,14059,1
Backwater Ripples,4.4,kumarakom,8961,97
Lily Pad on the Vembanad,4.2,kumarakom,6160,70
Kumarakom Lake Resort,4.8,kumarakom,30267,22
Renai Green Fields,3.8,kumarakom,2849,33
Kumarakom Park Resort,4.3,kumarakom,6726,81
Meenakshi River Villa | Rooms & Wi-Fi,4.5,kumarakom,3488,44
Kumarakom Wood Castle,4.4,kumarakom,2861,9
Abad Whispering Palms | Resort in Kumarakom,4.3,kumarakom,7999,14
ILLIKKALAM Lakeside Cottages,4.1,kumarakom,3724,28
Treebo Trend Kuval Inn,4.2,pune,2084,64
Hotel Corporate Stay,4,pune,2123,20
Jugglers Backpack,4.7,pune,1116,98
Hyatt Pune,4.4,pune,9701,21
"The Central Park Hotel, Pune",4.1,pune,3708,67
"Four Points by Sheraton Hotel & Serviced Apartments, Pune",4.3,pune,6796,28
Hotel Phoenix,4,pune,2752,98
Hotel anvisha executive,4.4,pune,1067,14
EMA Family Rooms,3.8,pune,1241,7
JM Four Hotel,3.9,pune,2550,71
Royal Orchid Central Pune,4.3,pune,5085,61
"StayBird - B Suite, Business Hotel",4,pune,2512,10
Hotel Sardar,3.5,pune,1344,4
Sunny's World,4.2,pune,4549,95
Procida Hostel by Zero Jhanjhat,4.4,pune,921,48
The Oakwood,4,pune,3333,48
Sheraton Grand Pune Bund Garden Hotel,4.5,pune,9435,71
Pratikruti The Lakeview Resort,4.2,pune,1284,43
Hotel Centro,4.4,pune,2607,11
St Laurn Hotel,3.9,pune,4381,27
Cherry Tree | Rooms & Wi-Fi,3.6,pune,1588,8
Fairfield by Marriott Pune Kharadi,4.3,pune,7280,97
Sunny's World,4.2,pune,4549,28
Novotel Chennai Sipcot,4.7,chennai,5145,62
Park Plaza Chennai OMR,4.1,chennai,4704,55
Avenue 11 Boutique Residences | Rooms & Caretaker,4,chennai,3853,87
"Olive Inn Luxurious 4-BHK Villa with Indoor Swimming Pool, Wifi, BBQ",3.4,chennai,9753,71
Juhu Beach House ECR,4.5,chennai,4965,58
Umino Beach Resort Banquet Hall and Restaurant,4.3,chennai,3677,35
VGP Golden Beach Resort,3.9,chennai,4267,70
"Regenta Central RS, Chennai(OMR). 4 Star Hotel",4.2,chennai,3366,23
Turyaa Chennai,4.3,chennai,3797,44
Blue Lagoon Beach Resort,3.9,chennai,6402,86
Fairfield by Marriott Chennai OMR,4.2,chennai,3707,87
Four Points by Sheraton Chennai OMR,4.2,chennai,5053,96
"Taj Club House, Chennai",4.4,chennai,7552,53
"Vivanta Chennai, IT Expressway",4.3,chennai,5485,64
Ilara Hotels & Spa,4.6,chennai,4234,11
Maroma Suites,4.5,chennai,3795,80
The Madras Grand - Hotel Egmore,4.5,chennai,4974,19
"Holiday Inn Express Chennai Omr Thoraipakkam, an IHG Hotel",4.1,chennai,3859,20
"Crowne Plaza New Delhi Rohini, an IHG Hotel",4.4,delhi,7825,78
ट्राइडेंट होटल,4.6,delhi,12272,4
Nu Delhi Homestay - Deluxe Double Room,4.6,delhi,1999,74
The Leela Ambience Convention Hotel Delhi,4.5,delhi,9809,62
Hotel City Park- Hotels in Delhi,4.2,delhi,5376,66
Hotel Mayda Residency By Mayda Hospitality Pvt. Ltd.,4.6,delhi,1212,71
JRD Pride,4.4,delhi,4720,9
Radisson Blu Hotel New Delhi Paschim Vihar,4.4,delhi,7285,49
IIDL Suites,4.3,delhi,5720,29
Park Inn by Radisson New Delhi IP Extension,4.3,delhi,6828,23
IIDL Suites,3.8,delhi,6163,21
"Welcomhotel By ITC Hotels, Dwarka, New Delhi - Contemporary Hotel in the Capital | Ideal for Business & Leisure Travellers",4.5,delhi,8141,74
Sarovar Portico Naraina,3.9,delhi,4536,97
Hyatt Centric Janakpuri New Delhi,3.8,delhi,7484,48
"Taj Palace, New Delhi",4.7,delhi,15050,14
The Pamposh,3.7,delhi,3931,90
Caves by Craftels,4.7,delhi,5040,98
Bloomrooms @ Janpath,4.4,delhi,6451,84
Ramada by Wyndham New Delhi Pitampura,3.9,delhi,6305,57
Bloom Boutique | GK-1,4.2,delhi,4659,45
The Grand Parisian,4.2,delhi,4673,2
amigosindia,4.5,delhi,706,66
Holiday Inn Express New Delhi Int'l Airport T3,4.2,delhi,14081,59
"Welcomhotel By ITC Hotels, Dwarka, New Delhi - Contemporary Hotel in the Capital | Ideal for Business & Leisure Travellers",4.5,delhi,10195,25
Treebo Trend Lazystay Grand - Hotel in Bhubaneswar,4.1,bhubaneswar,2920,54
"MAYFAIR Convention, Bhubaneswar",4.5,bhubaneswar,6476,80
Hello Stay Hotel Bhubaneswar,4.2,bhubaneswar,1231,30
Hotel SJ Pride,4.8,bhubaneswar,1239,77
Empires Hotel Bhubaneswar,4.1,bhubaneswar,3646,65
"MAYFAIR Convention, Bhubaneswar",4.5,bhubaneswar,5975,69
"Mango Hotels–Prangan, Bhubaneswar",4.1,bhubaneswar,3126,91
Mayfair Lagoon,4.6,bhubaneswar,10779,51
Venus Inn Restaurant,4.1,bhubaneswar,1948,4
Ginger Bhubaneshwar,3.9,bhubaneswar,2959,10
THE GREENSTAR INN PREMIUM,4.6,bhubaneswar,1512,87
IRA By Orchid Bhubaneswar ( Formerly Vits Bhubaneswar ),4.1,bhubaneswar,3782,30
Swosti Premium - Luxury 5-Star Hotel in Bhubaneswar,4.3,bhubaneswar,6215,45
"Vivanta Bhubaneswar, DN Square",4.6,bhubaneswar,9089,1
"Welcomhotel By ITC Hotels, Bhubaneswar-LEED Platinum Certified Premium Hotel Near the Airport| 1.5 hrs away from Puri",4.7,bhubaneswar,7616,47
Hotel Excellency (A Unit of Excellency Resorts Pvt. Ltd.),4.1,bhubaneswar,3395,75
Super OYO Townhouse 235 Swain Heritage,4.4,bhubaneswar,2044,91
Treebo Trend Oasis,4.2,bhubaneswar,2854,41
IRA By Orchid Bhubaneswar ( Formerly Vits Bhubaneswar ),4.1,bhubaneswar,4367,24
The Westin Goa,4.6,goa,20650,49
The LaLiT Golf & Spa Resort Goa,4.4,goa,16756,84
Casa Seaesta Beach Cottages and Suites,3.6,goa,2466,66
Radisson Resort Goa Baga,4.8,goa,4397,33
W Goa,4.5,goa,7435,47
"The Hosteller Goa, Arpora",4.3,goa,1157,62
Grand Hyatt Goa,4.6,goa,20307,29
Little India Beach Cottages,4,goa,6947,78
"Holiday Inn Resort Goa, an IHG Hotel",4.6,goa,11934,67
Agonda Paradise Beach Huts,4.2,goa,4200,35
Pitruchaya Sea View Cottages by Vyom Trails,4.1,goa,1617,7
The LaLiT Golf & Spa Resort Goa,4.4,goa,11855,28
"Whoopers Boutique Hotel, Anjuna",4.9,goa,1612,62
"The Hosteller Goa, Candolim",4.7,goa,1315,48
Tropical Bay,3.8,goa,1344,11
Cola Goa Beach Resort,4.3,goa,12744,3
Blue Lagoon Resort | Room & Restaurant,3.9,goa,4487,3
Radisson Blu Resort Goa Cavelossim Beach,4.4,goa,15898,2
"Vivanta Goa, Miramar",4.5,goa,11788,10
Mayfair on Sea,4.5,goa,10620,81
"The Zuri White Sands, Goa Resort & Casino",4.4,goa,16795,45
The Queeny,3.4,goa,1435,72
"Holiday Inn Goa Candolim, an IHG Hotel",4.7,goa,15503,61
"Taj Holiday Village Resort and Spa, Goa",4.7,goa,26550,49
ibis Mumbai Vikhroli,4.5,mumbai,7392,57
The Lalit Mumbai,4.4,mumbai,14278,59
JW Marriott Mumbai Juhu,4.6,mumbai,5725,71
Empire Royale Hotel,4.4,mumbai,1582,72
"The Taj Mahal Palace, Mumbai",4.7,mumbai,33021,95
Grand Hyatt Mumbai Hotel & Residences,4.5,mumbai,14025,36
Shahana Guest House,3.1,mumbai,635,16
SAINA RESORT,3.6,mumbai,5082,58
Stay Villa Dormitory (for Male and Female),5,mumbai,952,24
Hotel Milan International,3.9,mumbai,1389,65
Gagal Home BKC Suite | Rooms & Caretaker,3.7,mumbai,4208,8
Qubestay Airport Capsule Hotel And Hostel,4.1,mumbai,1334,44
"Ginger Mumbai, Goregaon",4,mumbai,4031,74
The Lalit Mumbai,4.4,mumbai,11101,16
Royal Palms Villas with Private Pool,4,mumbai,20536,32
The Leela Mumbai - Resort Style Business Hotel,4.5,mumbai,11210,43
Hotel Nest N Rest - Mumbai,4.4,mumbai,1116,94
Novotel Mumbai Juhu Beach,4.3,mumbai,11785,30
Airport inn residency,3.7,mumbai,1109,99
Courtyard by Marriott Mumbai International Airport,4.4,mumbai,11103,7
JW Marriott Mumbai Sahar,4.6,mumbai,12963,58
The Westin Mumbai Garden City,4.5,mumbai,12963,90
"Holiday Inn Mumbai International Airport, an IHG Hotel",4.5,mumbai,10619,96
Novotel Mumbai Juhu Beach,4.3,mumbai,11800,79
Fairfield by Marriott Lucknow,4.3,lucknow,4816,40
Novotel Lucknow Gomti Nagar,4.5,lucknow,6551,28
Townhouse 1166 Bsa Townhouse,3.7,lucknow,1296,28
Hyatt Regency Lucknow,4.4,lucknow,4480,58
Fairfield by Marriott Lucknow,4.3,lucknow,4814,100
Radisson Lucknow City Center,4.3,lucknow,4189,93
Taj Mahal Lucknow,4.6,lucknow,10936,81
The Regnant,4.2,lucknow,3892,28
Hilton Garden Inn Lucknow,4.3,lucknow,5663,84
Ginger Lucknow,4,lucknow,2664,30
DCorbiz Hotel & Restaurant,4,lucknow,2108,70
Hotel Aryan,3.8,lucknow,587,55
Hotel Golden Orchid,4,lucknow,2218,15
Fortune Park BBD - Hotel in Lucknow,4.3,lucknow,7197,33
Hotel Millenia Regency Lucknow,4.2,lucknow,2814,65
Golden Tulip Lucknow,4.2,lucknow,7271,5
The Grand Radiant-3 Star Hotel in Lucknow,4,lucknow,2453,74
Comfort Inn,4.1,lucknow,3394,2
"lebua Lucknow, Saraca Estate",4.3,lucknow,7621,85
Comfort Hotel Vista,4.6,lucknow,6160,53
Hilton Garden Inn Lucknow,4.3,lucknow,5664,78
The Park Hotel,4.4,kolkata,7295,68
"The Oberoi Grand, Kolkata",4.4,kolkata,4534,28
"The Oberoi Grand, Kolkata",4.4,kolkata,6048,5
The Elite Apartment Hotel,4.7,kolkata,784,56
Golden Parkk Hotel,4,kolkata,3790,42
Aristro Club,4,kolkata,1344,96
The Panash (Hotel and Banquets),4.4,kolkata,1565,42
HOTEL ORCHID INN,4.2,kolkata,1027,36
Bubble Beds Kolkata,4.3,kolkata,862,87
Hotel Platinum,3.9,kolkata,1464,90
Aster Guest House Kolkata,4,kolkata,2885,8
Hotel Radiant (Kolkata),4,kolkata,2731,60
Hotel Afsha,3.4,kolkata,1285,78
backpackers park,4,kolkata,1103,14
Hotel Mayfair tower,4,kolkata,1680,59
"The Manor House, Kolkata",4.4,kolkata,3880,51
Barsana Boutique Hotel,4.3,kolkata,3719,33
Hotel Pan Asia Continental (A Unit Of Sharda Resources Limited),4.1,kolkata,3074,32
Hotel Emirates,4,kolkata,3014,32
The Aster Heritage,4.7,kolkata,2778,4
Calcutta Bungalow| Heritage Rooms,4.9,kolkata,8604,33
"BhubanBari historic house airy twin room w 2 baths, kitchen, garden terrace",5,kolkata,2856,23
Hotel Pawan Putra,4.1,kolkata,2436,16
"FabHotel Orion Crystal - Hotel in Park Circus, Kolkata",4.1,kolkata,2652,57
The Elanza Hotel,4.1,bangalore,3968,22
"Country Inn & Suites by Radisson, Bengaluru Hebbal Road",4.1,bangalore,4480,88
Kadackal Farmhouse | Rooms & Pool,4.2,bangalore,4012,54
"Country Inn & Suites by Radisson, Bengaluru Hebbal Road",4.1,bangalore,4480,31
Kings Palace Manyata,3.2,bangalore,891,34
Prestige Residency,3.1,bangalore,609,38
Hotel TAP Paradise,3.4,bangalore,539,32
Regenta Inn Grand Koramangala,4.6,bangalore,3192,79
Guhantara,3.7,bangalore,4803,96
Palm Meadows Resort,4.5,bangalore,6745,48
Holiday Inn Express & Suites Bengaluru OMR,4.4,bangalore,4930,74
Howard Johnson by Wyndham Bengaluru Hebbal,4.1,bangalore,4636,99
The Signature Inn,3.8,bangalore,756,100
"Radisson Blu Hotel, Atria Bengaluru",4.4,bangalore,6300,21
SAP Golden Grande,4,bangalore,792,96
Royal Regency Lodge,3.8,bangalore,909,89
The Chancery Pavilion,4.1,bangalore,5376,3
Bangalore Gate Hotel & Conferences,4.1,bangalore,2804,27
"Holiday Inn Bengaluru Racecourse, an IHG Hotel",4.4,bangalore,6298,61
Gokulam Grand Hotel & Spa,4.3,bangalore,6228,32
"Taj Yeshwantpur, Bengaluru",4.5,bangalore,11800,29
Attide Boutique Hotel,4.2,bangalore,3863,85
Hyatt Place Hyderabad Banjara Hills,4.3,hyderabad,11209,23
Trident Hotel Hyderabad,4.5,hyderabad,10974,49
The Wilderness Retreat,4,hyderabad,4928,3
Hyderabad Marriott Hotel & Convention Centre,4.4,hyderabad,7112,79
Citadel Hotels & Conventions By Vinnca,4.4,hyderabad,3640,11
Hotel Rainbow Tower,4.5,hyderabad,1187,53
"Deccan Serai Hotel, HITEC CITY, HYDERABAD",4.2,hyderabad,3436,15
Taramati Baradari Resort,4.2,hyderabad,2520,85
The Grand Plaza Hotel,3.8,hyderabad,1240,82
Taj Falaknuma Palace,4.7,hyderabad,46573,49
"Lemon Tree Hotel, Gachibowli, Hyderabad",4.2,hyderabad,4910,48
Hotel Shubham Palace - Karmanghat,4.3,hyderabad,2371,75
RESTEL STUDIO FLATS,4.2,hyderabad,2576,40
Ellaa Hotel,4.8,hyderabad,4349,8
Zibe Hyderabad by GRT Hotels,4.5,hyderabad,4520,24
Ananya Eco Resorts,3.9,hyderabad,3808,22
Hotel Daspalla Hyderabad,4.2,hyderabad,5446,60
Capital O Jubilee Banjara Suites Near City Center Mall,3.2,hyderabad,1044,39
Luxury House in Hyderabad With Chef and Driver,5,hyderabad,10115,62
"Taj Krishna, Hyderabad",4.5,hyderabad,11800,22
The Wilderness Retreat,4,hyderabad,5668,33
Treebo Trend South Avenue With Roadside View,3.8,pondicherry,9558,72
The Bull Boutique Hotel,4.3,pondicherry,4129,92
Aashikha Farm House,4.8,pondicherry,1974,21
HOMESTAY HOTEL LA VILLA PONDI CHÉRIE GUESTHOUSE ROOMS,4.3,pondicherry,904,74
La Grrande Malar - The Boutique Hotel Pondicherry,4.4,pondicherry,2344,2
Treebo Trend Grace Inn,4.2,pondicherry,9698,100
Hotel Bon Sejour,3.8,pondicherry,4415,88
Esparan Heritage,4.3,pondicherry,1990,55
La Maison Pondichéry - Heritage Guesthouse,4.4,pondicherry,3846,92
Lotus Comfort- A Pondy Hotel,3.6,pondicherry,1734,13
Pleasant Inn,3.9,pondicherry,1016,16
A La Villa Creole,4.2,pondicherry,1659,7
Hotel Le Royal Park,4.1,pondicherry,3415,90
Raj Residency,4.2,pondicherry,1593,25
Hotel Ram International,3.9,pondicherry,1939,74
Prince Park Farm House,3.9,pondicherry,2258,1
Hotel D'Inn,3.6,pondicherry,1190,92
Hotel Annamalai International,4,pondicherry,3724,39
Nomad House,4.5,pondicherry,1381,68
Villa Sentosa,4.1,pondicherry,2168,88
Her View I Luxe Room & Kitchen,3.2,pondicherry,3306,49
Maison Petite Singapore,3.9,pondicherry,2521,26
Hotel Gargee Grand | Best Hotel in Patna,4.1,patna,4956,73
HOTEL AMALFI GRAND,4.1,patna,4004,10
Hotel Fortune..,3.6,patna,1200,21
HOTEL AMALFI GRAND,4.1,patna,2935,81
Hotel Bodhi Tree - Best Hotel in Patna | Hotels Near Patna junction Railway Station and Patna airport,4.1,patna,2438,56
"Lemon Tree Premier, Patna",4.1,patna,6472,79
The Grand Empire | Best 4 Star Luxury Hotel in Patna,4,patna,4662,16
Hotel Gargee Grand | Best Hotel in Patna,4.1,patna,4956,76
Ghar Aangan Resort,3.9,patna,2902,97
The Park Pride,4.2,patna,2837,26
"Hotel Virasat Retreat, Opposit Medanta Hospital,Patna",4,patna,1712,50
Buddha Heritage,4,patna,3015,73
Hotel Maurya,4.3,patna,10112,35
Hotel Mundrika Deluxe,3.2,patna,1300,37
Hotel Aurelia Pearl,4.8,patna,1846,59
The Hotel Bliss | Best Hotels in Patna,4.1,patna,1450,99
The AVR Hotel,4.1,patna,2438,100
Super OYO Townhouse OAK Holiday Grand,3.3,patna,1553,1
Hotel Windsor,3.9,patna,4536,66
"Lemon Tree Premier, Patna",4.1,patna,6882,15
Treebo Trend Seven Suites,3.5,nagpur,2488,50
Treebo Trend Chalets,4.2,nagpur,3008,41
Radisson Blu Hotel Nagpur,4.5,nagpur,9361,54
Regenta Central Hotel & Convention Centre,4,nagpur,3830,1
Hotel The Embassy,4.1,nagpur,3395,42
Hotel Centre Point,4.3,nagpur,4681,42
"The Legend Inn, Nagpur",4,nagpur,3276,83
Orange Tree Hotels,4.4,nagpur,3042,45
Octave Parkland Suites,4.3,nagpur,2099,64
"RSVP NAGPUR(Restro-bar,Rooftop & Rooms)",4,nagpur,2300,47
Treebo Trend Chalets,4.2,nagpur,2989,72
Hotel Orient Crown,3.9,nagpur,1677,96
Hotel Maitrayee,4.6,nagpur,2384,94
Hotel Nagpur Ashok,4,nagpur,5235,1
Nirvana Residency,4.7,nagpur,2600,61
The Paramount Hotel,4.4,nagpur,1071,13
Hotel President Nagpur,4.1,nagpur,2813,78
Treebo Trend The Pavilion,4,nagpur,2966,3
Treebo Trend Hotel A1,3.9,nagpur,2689,2
The Park Indore,4.7,indore,6272,20
Pride Hotel & Convention Centre Indore,4.1,indore,3807,26
Pride Hotel & Convention Centre Indore,4.1,indore,3273,32
Hotel Solaris,4,indore,2259,5
Sayaji Hotel Indore,4.4,indore,5111,28
Best Western Plus Indore,4.2,indore,3424,91
Fairfield by Marriott Indore,4.2,indore,4770,28
Jalsa Resort & Banquets,4.3,indore,2921,5
Radisson Blu Hotel Indore,4.5,indore,6266,71
Indore Marriott Hotel,4.4,indore,6721,37
Sheraton Grand Palace Indore,4.3,indore,7280,16
Jardin Hotels,4.2,indore,2508,20
"WOW Crest, Indore - IHCL SeleQtions",4.3,indore,5878,14
Effotel by Sayaji,4.3,indore,4090,64
"Hotel Meritel Grande, Indore",4.9,indore,1384,22
Hotel Vrindavan Palace,4.4,indore,1871,33
Hotel Shri Niwas,3.7,indore,1289,75
JMC HOTEL S GRANDE INDORE,4.6,indore,2239,40
The Park Indore,4.7,indore,5018,56
My Special House,2.9,indore,1020,100
Astha Lakshmi Tourist Homestay,4.5,indore,1428,26
Treebo Trend Grand Euro,4.7,indore,2570,5
Sayaji Hotel Indore,4.4,indore,5874,44
Trident Hotel Jaipur,4.4,jaipur,14160,1
The Lalit Jaipur,4.4,jaipur,12389,46
Hotel Sarang Palace - Boutique Stays & Candlelight Dining,4.4,jaipur,2724,57
Moustache Jaipur,4.4,jaipur,1039,6
Chokhi Dhani Resort,4.3,jaipur,10029,60
"Holiday Inn Jaipur City Centre, an IHG Hotel",4.5,jaipur,14190,79
Umaid Bhawan-A Royal Heritage Style Boutique Hotel,4.3,jaipur,5585,42
Jaipur Marriott Hotel,4.5,jaipur,7840,79
"Devi Ratn, Jaipur – IHCL SeleQtions",4.5,jaipur,16992,1
The Lalit Jaipur,4.4,jaipur,7381,94
Hotel Rajasthan Palace,4.7,jaipur,5479,14
WelcomHeritage Traditional Haveli,4.5,jaipur,4704,75
Hilton Jaipur,4.4,jaipur,6885,3
"Lemon Tree Premier, Jaipur",4.3,jaipur,3920,35
Hotel Grand Lotus Inn,4.7,jaipur,1489,18
"Jai Mahal Palace, Jaipur",4.7,jaipur,34173,26
Chokhi Dhani Resort,4.3,jaipur,8388,36
Dera Jaipur,4.5,jaipur,8400,11
Blue Beds Jaipur,4.4,jaipur,1858,63
Hotel Royal Orchid Jaipur,4.3,jaipur,6011,41
Ginger Jaipur,4.1,jaipur,3135,88
Pride Amber Vilas Resort & Convention Centre,4.2,jaipur,7951,25
Sureli Haveli Jaipur,3.8,jaipur,1415,40
ibis Nashik,4.4,nashik,2911,84
Treebo Trend Abode,4,nashik,3271,40
Birla Ayurveda Stay Centre,4.1,nashik,1482,74
ibis Nashik,4.4,nashik,2872,13
Raghunandan Resort,4.2,nashik,2195,6
The Emerald Park,4,nashik,3190,73
The Gateway Hotel Ambad Nashik,4.6,nashik,12980,35
"Enrise by Sayaji - Nashik, Best Banquet Hotel",4.2,nashik,3489,52
"Hotel Royale Heritage, Nashik",3.8,nashik,1242,42
Courtyard by Marriott Nashik,4.4,nashik,9735,16
Ginger Nashik,3.8,nashik,3518,4
Hotel Panchavati Yatri,4,nashik,1934,22
Caves County,4.1,nashik,4021,63
Hotel Rama Heritage,4.1,nashik,2746,61
PANCHAVATI ELITE INN,3.6,nashik,2071,12
"Holiday Inn Express Nashik Indira Nagar, an IHG Hotel",3.8,nashik,4434,36
Shakuntala Farms - Rustic Farmstay with Modern Comforts,4.9,nashik,4745,33
Hotel Grand Rio,4.5,nashik,4016,18
"Hotel MBC Citadel Nashik ( Near Sula, Trimbakeshwar and MIDC Area )",4.2,nashik,3870,55
Shriram Guest House,3,nashik,618,46
Quality Inn Regency,3.8,nashik,3210,68
"Treebo Trend The Utsav, Nashik",4.6,nashik,2968,46
Itsy by Treebo - Oasis Pride,4,nashik,2217,68
Best Western Bliss,4.1,kanpur,3300,100
MVR Grand Hotel,4.4,kanpur,3744,73
The Landmark Towers,4.4,kanpur,6719,20
Red Orchid Hotel Kanpur,4.3,kanpur,2335,96
Best Western Bliss,4.1,kanpur,3300,31
Hotel Kartar Yatri Niwas,4.1,kanpur,627,96
Vijay Intercontinental,4.1,kanpur,4452,87
Moon And Mars Resort,4.3,kanpur,4242,12
Status club business Hotel,3.9,kanpur,2395,91
Hotel Bhagyaraj Palace -Best Hotel In Kanpur,4.2,kanpur,1826,14
Hotel The Novelty,4.8,kanpur,1800,31
Little Chef Hotel,4.3,kanpur,3679,9
"Krishna vatika, Krishna nagar Kanpur nagar uttar pradesh",4.2,kanpur,2600,39
THE VILLA,3.9,kanpur,3133,34
Hotel Sant Villa,3.2,kanpur,533,73
Status Club & Resort,4.3,kanpur,4040,31
The Deep Hotel,4,kanpur,2072,59
THE ROYAL ORCHID HOTEL | Hotels in Kanpur,4.1,kanpur,3280,51
Little Chef Hotel,4.3,kanpur,3679,99
Hotel Bhagyaraj Palace -Best Hotel In Kanpur,4.2,kanpur,2560,74
The Altius Boutique Hotel,4,chandigarh,4435,21
Hotel Oyster,4,chandigarh,3528,19
Hotel Emerald Chandigarh,4.2,chandigarh,1765,35
Hotel Aroma Chandigarh,4.3,chandigarh,3035,31
The Altius Boutique Hotel,4,chandigarh,3003,68
Hotel The Yellow,4.1,chandigarh,1651,98
Hotel Royal Park 22,4.3,chandigarh,2231,14
Hotel City Palace,3.4,chandigarh,461,21
"The Fern Residency, Chandigarh",4,chandigarh,4077,36
Wyndham Chandigarh Mohali,4.6,chandigarh,10636,41
Hotel City Heart Premium,3.8,chandigarh,2036,57
Hotel Pride,4.5,chandigarh,1407,72
The Regent hotel,3.5,chandigarh,1950,53
Hotel Chandigarh Beckons,4.2,chandigarh,2808,42
Taj Chandigarh,4.4,chandigarh,15337,18
The Piccadily Hotel,4.1,chandigarh,4656,33
Amara Hotel,4.1,chandigarh,2533,63
Hotel Landmark Chandigarh,3.8,chandigarh,1976,77
Hotel Park Inn,4.1,chandigarh,3506,44
Kapoor's Homestay Chandigarh,3.2,chandigarh,2580,73
Natures Blessing,4.9,chandigarh,2528,90
Hotel Parkview,4,chandigarh,2398,30
Hotel Icon,4.2,chandigarh,5544,75
The Guwahati Address,4.3,guwahati,6720,81
Treebo Trend Umal Homestay,4.5,guwahati,2572,37
"Radisson Blu Hotel, Guwahati",4.5,guwahati,7153,89
Exotic Villa Homestay,4.3,guwahati,1026,77
Vivanta Guwahati,4.4,guwahati,9781,48
"The Greenwood Resort, Guwahati",4.3,guwahati,7111,19
Novotel Guwahati GS Road,4.6,guwahati,8623,80
Ginger Guwahati,3.8,guwahati,3358,27
A P Home's,4.4,guwahati,1306,1
Mahalaxmi Home Stay,4.3,guwahati,710,53
The Ornate,4.2,guwahati,4017,40
Gibbon Backpackers Hostel,4.5,guwahati,782,23
Pragati Manor,4.1,guwahati,4451,80
The Rhino,4,guwahati,1371,3
Hiltop Lodge,3.8,guwahati,1166,24
Airport Guest House Guwahati,4,guwahati,2354,90
"The Greenwood, Guwahati : A Luxury Boutique Hotel",4.6,guwahati,6335,26
Dula Homestay,4.7,guwahati,1034,11
Luit Vista Guest House (A boutique Heritage property),4.3,guwahati,2106,44
Hotel Dynasty,4.1,guwahati,3604,12
Ratnamouli Palace,4.6,guwahati,6720,12
Treebo Trend Pappilon Palace,4.2,mangalore,3008,26
Treebo Trend The Horizon - Hotel in Mangalore,4.1,mangalore,2738,32
Rks Beachfront,4.8,mangalore,4116,4
Hotel Manorama,4,mangalore,1237,23
Grand Plaza Hotel,3.9,mangalore,2580,8
Hotel Ganga Sagar,4.3,mangalore,1348,54
"Vivanta Mangalore, Old Port Road",4.2,mangalore,6891,98
Hotel Mangalore International,3.8,mangalore,1362,95
Cosmo Lodge,3.8,mangalore,887,51
The Sea View,4.2,mangalore,4777,30
Hotel Heraa International - The Heraa Inn,4.6,mangalore,2239,92
Hotel Poonja International,3.5,mangalore,1677,27
THE OCEAN PEARL INN,4.3,mangalore,4106,41
The Ocean Pearl,4.4,mangalore,5891,71
Royal Plaza Suites,4.7,mangalore,4409,80
Goldfinch Hote l Mangaluru,4.2,mangalore,4619,46
Hotel Paramount Suites & Service Apartments (Mangalore),4.5,mangalore,2464,49
Hotel Plaza Heights,4.6,mangalore,1937,93
Woodlands Hotel,4,mangalore,1888,96
AJ Grand Hotel,4.5,mangalore,4620,32
Hotel Ganga Sagar,4.3,mangalore,1348,48
The Sea View,4.2,mangalore,4936,89
Grand Mercure Mysore,4.5,mysore,7503,40
Treebo Trend Akshaya Mahal Inn - Hotel in Mysore,4.2,mysore,5572,58
Tulips Homestay | Studio Rooms & Wi-Fi,4.3,mysore,2195,22
Lalitha Mahal Palace Hotel,4.3,mysore,5244,47
"Hotel Heritage Inn, Mysore",4.3,mysore,1967,85
Hotel Garden City,3.6,mysore,715,90
Aishwarya Le Royal (Best Budget Hotel in Mysore),3.7,mysore,1048,96
Hotel Mayura Hoysala Mysuru,4.1,mysore,2419,74
Livaana (Formerly known as Vivaana),3.8,mysore,2193,95
Hotel Sandesh The Prince,4.1,mysore,3008,33
"Fortune JP Palace, Mysore - Member ITC's hotel group",4.3,mysore,4880,54
Grand Mercure Mysore,4.5,mysore,6000,29
Country Inn Mysore - Mosaic,4.5,mysore,4645,89
Hotel Sepoy Grande,4,mysore,1455,64
Silent Shores Resort & Spa,4.3,mysore,6838,87
Maya's Kings Kourt,4.1,mysore,1852,60
Rahee Bi Roambay,4.5,mysore,1398,75
REGALIA INN AND SUITES,4,mysore,1628,27
Hotel Kalyani,3.9,mysore,1288,20
Royal Tusker Luxury Service Apartments,4.9,mysore,2107,3
Grand Maurya Hotel & Resort,4.1,mysore,2828,3
Tulips Homestay Mysore,4.4,mysore,2387,37
Hotel Mayura Hoysala Mysuru,4.1,mysore,2531,97
Hotel Sandesh The Prince,4.1,mysore,6551,35
LP Vilas,4.4,dehradun,5848,90
Shahanshahi Adventure Park and Wellness Resort,4.2,dehradun,3207,2
The River's Edge Farm - A Boutique Stay,4.5,dehradun,6114,13
Mango Tree Courtyard,4.7,dehradun,2285,83
Hyatt Regency Dehradun Resort and Spa,4.6,dehradun,20562,16
The Hosteller Dehradun,4.8,dehradun,1315,46
Adidev Group of Homestays,4.6,dehradun,1005,71
Riverstone Cottages,4,dehradun,4686,77
Ramada by Wyndham,4.2,dehradun,6131,9
"Tree of Life Resort, Dehradun Foothills",4.5,dehradun,6176,40
Hotel Rajpur Heights,4,dehradun,2169,100
Bhagwant Villa - A terrace view,4.4,dehradun,2090,79
Fairfield by Marriott Dehradun,4.4,dehradun,11682,43
The Sal Woods - Forest Retreat and Spa,3.9,dehradun,6384,99
Old British House,4.7,dehradun,1923,6
LP Vilas,4.4,dehradun,4925,62
Hotel JSR Continental,3.9,dehradun,3843,98
Clarion Hotel Dehradun,4.4,dehradun,3728,46
Hotel Embassy Dehradun & The Trekkers Hostel,3.8,dehradun,1069,26
Mango Tree Courtyard | Heritage Rooms with Wi-Fi,4.5,dehradun,3775,79
Treebo Trend Elysee,3.8,dehradun,9035,22
Treebo Trend Blessing Bells,4,dehradun,9037,60
Walisons Hotel,4.2,srinagar,3780,99
"The Montreal, Srinagar- Best Hotels/4 Star Hotels/Hotel Near Dal Lake/Hotel Near Mughal Garden",4.4,srinagar,8991,51
Zostel Srinagar,4.5,srinagar,1853,68
The Shelter Heritage A Boutique Hotel,4.5,srinagar,2510,47
Hotel Samar,4.2,srinagar,1669,71
Jamal Resorts,4,srinagar,4215,93
Hotel Himalayan Resort,4.1,srinagar,3920,21
Hotel New Green View Srinagar (Ghulam),3.8,srinagar,723,96
Asian Park Hotel,3.8,srinagar,4456,82
The victory (A Boutique Hotel),4,srinagar,3686,8
Hotel Sultan Residency,4.6,srinagar,1848,86
Hotel Royal Heritage,4.2,srinagar,3935,15
"The Montreal, Srinagar- Best Hotels/4 Star Hotels/Hotel Near Dal Lake/Hotel Near Mughal Garden",4.4,srinagar,5142,55
Floating Heritage Group,3.9,srinagar,1344,100
Hotel Kashmir Inn,3.9,srinagar,826,14
Hotel Merlin Palace,4.8,srinagar,1344,90
Hotel Kashmir Hilltown,3.8,srinagar,1700,27
Hotel Zaryab,4.7,srinagar,5679,18
Hotel Meridien,4,srinagar,3632,74
Hotel Lake Scene,3.4,srinagar,664,2
"The Orchard Retreat & Spa, Srinagar",4.3,srinagar,14172,57
Radisson Hotel Srinagar,4.1,srinagar,14160,41
Centre Point,4.2,jamshedpur,4480,31
Hotel Golden Heights - Best Hotel | Budget Hotel | Best Review Hotel in Jamshedpur,4.2,jamshedpur,1762,23
The Cruze,4.2,jamshedpur,5664,80
Hotel AB Palace - Top Budget & Luxury Hotels in Jamshedpur,4,jamshedpur,1384,4
The Bizton,4.5,jamshedpur,5550,57
Adarsh Guest House,4.5,jamshedpur,448,60
Ramada by Wyndham Jamshedpur,4.2,jamshedpur,5008,68
The Onyx Hotel - Hotel in Jamshedpur,4.3,jamshedpur,2284,28
Hotel Trax International,4.7,jamshedpur,1972,34
The Altira Hotel,4.1,jamshedpur,1477,20
NOVANTA JAMSHEDPUR,4.4,jamshedpur,6689,45
Ginger Jamshedpur,4,jamshedpur,3135,85
"The Sonnet, Jamshedpur",4.3,jamshedpur,3554,59
HOTEL DS INTERNATIONAL & KALYANAM BANQUET HALL,4.1,jamshedpur,2668,53
Madhuban Motel,4,jamshedpur,2726,24
Capsule Pod Hotel,4.4,jamshedpur,1073,86
Hotel Chandra,4.1,jamshedpur,729,26
Hotel Grand Residency,4,jamshedpur,2281,66
Treebo Trend Pal Comfort - Hotel in Jamshedpur,4.2,jamshedpur,2142,11
Gyani's Hotel,4.6,jamshedpur,1779,65
THE PRABHA INTERNATIONAL HOTEL & CATERERS,4,gwalior,2158,36
Hotel Ambience,3.9,gwalior,2191,40
Hotel Solitaire Inn,3.9,gwalior,1372,64
Radisson Gwalior,4.3,gwalior,6160,100
Hotel Countryside,3.1,gwalior,1230,84
The Empire Resort,4.3,gwalior,2785,41
Clarks Inn Suites Gwalior,4.4,gwalior,4280,32
The Moziac Hotel,4,gwalior,2116,44
"Taj Usha Kiran Palace, Gwalior",4.5,gwalior,20894,92
Imperial Golf Resort and Wedding Lawns,4.5,gwalior,12458,63
Hotel Gold Inn,3.9,gwalior,2034,83
Hotel Ambience,3.9,gwalior,2191,6
Hotel Anand Palace,3.7,gwalior,1119,71
THE PRABHA INTERNATIONAL HOTEL & CATERERS,4,gwalior,2116,93
Royal Sunrise Resort,3.9,gwalior,3232,61
Krishnam Guest House,4,gwalior,1115,18
Hotel Centella,4.1,gwalior,2567,83
Chaitanya Kalyan Guest House,3.7,gwalior,672,34
Dera Haveli Heritage Homestay,4.3,gwalior,4312,32
Govind Niwas Home Stay,2.6,gwalior,1304,57
Clarks Inn Suites Gwalior,4.4,gwalior,4622,42
The Central Park Hotel,3.9,gwalior,5641,41
Treebo Trend Baby Pearl,3.9,amravati,1909,91
Hotel Gouri Inn,3.9,amravati,2225,15
Hotel Regency,4.1,amravati,969,67
The Grand Mehfil,4.3,amravati,4021,48
Maniratna Resort,4,amravati,3588,46
Hotel Rangoli Pearl,4.1,amravati,3130,37
The Grand Mehfil,3.9,amravati,3880,84
Hotel Gouri Inn,3.9,amravati,1940,57
Empire Stay,4.5,amravati,2808,66
Hotel Four Season,3.5,amravati,2973,51
The Prime Park,4.3,amravati,3394,11
Treebo Trend Baby Pearl,3.9,amravati,1904,37
Hotel Vandu International,4,amravati,2526,23
Hotel Rajdhani,4,amravati,1568,55
Hotel Excel Executive,3.8,amravati,1830,47
Hotel Regency,4.1,amravati,1276,27
Hotel Rangoli Pearl,4.1,amravati,3130,100
"The Peerless Inn, Durgapur",4,durgapur,2589,25
The Citi Residenci Hotel,4.2,durgapur,2576,49
The Citi Residenci Hotel,4.2,durgapur,2473,27
"Fortune Park Pushpanjali, Durgapur - Member ITC's hotel group",4.6,durgapur,5881,62
HOTEL GALAXY INN,3.6,durgapur,795,76
"The Peerless Inn, Durgapur",4,durgapur,2589,8
The Damodar Retreat,4.6,durgapur,2183,82
Banerjee Inn- City Centre,4.1,durgapur,1764,28
City International Hotel,3.8,durgapur,1518,93
Morvee Hotels Durgapur,4.4,durgapur,2245,82
Kalpana Inn,4,durgapur,1223,18
The Spices,4,durgapur,1663,81
Hotel Steel Regency,3.6,durgapur,1039,58
Hotel Astor,4.3,durgapur,1992,4
Park prime hotel,3.9,durgapur,2388,21
OJAS HOTEL & RESORT,4.4,durgapur,1985,8
Kohinoor Hotel and Restaurant Benachity (A Legend since 1956),3.7,durgapur,1280,47
Hotel ASTOR,4.5,durgapur,2047,44
Morvee Hotels Durgapur,4.4,durgapur,2245,11
OJAS HOTEL & RESORT,4.4,durgapur,2046,86
Treebo Trend Winsome Banquet And Resort,4.6,ranchi,2304,25
Treebo Trend Archie Regency,4,ranchi,2205,32
Radisson Blu Hotel Ranchi,4.5,ranchi,8047,67
"FabHotel Accord - Hotel in Ranchi Railway Station, Ranchi",4.6,ranchi,2426,72
Park Prime Ranchi,4,ranchi,3931,20
Treebo Trend Winsome Banquet And Resort,4.6,ranchi,2304,16
Hotel Meera,4.2,ranchi,645,35
The Royal Retreat,4.2,ranchi,4140,9
Maplewood Hotel,4.1,ranchi,3121,59
Hotel Kuber Palace,4.6,ranchi,1120,100
Hotel Fountain,4.3,ranchi,1680,41
Samargarh Resorts and hotel,3.9,ranchi,2654,83
The Cennet Ranchi,4.4,ranchi,2160,3
Hotel Sohrai inn,4.5,ranchi,1317,49
Chanakya BNR Hotel,4.4,ranchi,7116,6
"Hotel Green Horizon Station Road, Ranchi. 834001",4.2,ranchi,3087,69
Capitol Hill,4.3,ranchi,6318,37
Divisha The Bali Resort,4.9,ranchi,840,22
Divisha Hotel Marina,4.7,ranchi,1624,27
"Le Lac Sarovar Portico, Ranchi",4.2,ranchi,7056,30
Hotel AVN Grand,4.2,ranchi,5600,80
The Royal Retreat,4.2,ranchi,4255,38
Treebo Trend Lalaji'S Executive,3.9,aurangabad,2444,62
Treebo Trend Admiral Suites,3.5,aurangabad,2451,74
Zostel Aurangabad,4.4,aurangabad,1219,92
MTDC Aurangabad Resort,3.8,aurangabad,1680,53
Hotel Royal Regency,3.7,aurangabad,914,71
Hotel Modi Samrat,4.3,aurangabad,1263,11
Ginger Aurangabad,4,aurangabad,2799,15
Hotel J P International,3.7,aurangabad,2513,69
Hotel Holiday Era Lodging,3.5,aurangabad,871,75
7 Apple Hotel - Aurangabad,4,aurangabad,2244,52
Hotel Holiday Pride,4.2,aurangabad,1813,92
Hotel The Sky Court,3.9,aurangabad,1836,98
"Welcomhotel By ITC Hotels, Rama International, Aurangabad-Premium business & leisure hotel| Near Ajanta Ellora Caves",4.5,aurangabad,9636,11
"Ambassador Ajanta Hotel, Aurangabad",4.2,aurangabad,4322,71
"The Fern Residency, Aurangabad",4.1,aurangabad,4928,23
Aurangabad Gymkhana Club Hotel,4.1,aurangabad,2573,42
Hotel Grand Ecotel,4.2,aurangabad,2204,94
Hotel kartiki,4,aurangabad,1087,86
Lemon Tree Hotel,4.2,aurangabad,6215,64
Enrise By Sayaji,4.2,aurangabad,3348,40
The Manor Hotel,3.9,aurangabad,2566,25
Radhika Ex,3.9,aurangabad,2357,82
Novotel Ahmedabad,4.6,ahmedabad,6042,23
The Grand Bhagwati,4.3,ahmedabad,4854,13
"Holiday Inn Express Ahmedabad Prahlad Nagar, an IHG Hotel",4.4,ahmedabad,4007,63
"Taj Skyline, Ahmedabad",4.5,ahmedabad,8064,67
Hyatt Regency Ahmedabad,4.4,ahmedabad,6490,23
"Welcomhotel By ITC Hotels, Ashram Road, Ahmedabad",4.6,ahmedabad,5334,9
Hotel Eldorado,4.3,ahmedabad,3100,100
Courtyard by Marriott Ahmedabad,4.4,ahmedabad,7263,21
"ITC Narmada, a Luxury Collection Hotel, Ahmedabad",4.6,ahmedabad,11400,54
Novotel Ahmedabad,4.6,ahmedabad,5913,7
Hyatt Ahmedabad,4.5,ahmedabad,5475,8
Ramada by Wyndham Ahmedabad,4,ahmedabad,4680,6
Radhe Upavan Resort,4.4,ahmedabad,5206,83
Agrasen Foundation,4.2,ahmedabad,1765,58
Aarya Grand Hotels & Resorts,4.2,ahmedabad,3091,100
DoubleTree by Hilton Ahmedabad,4.5,ahmedabad,6182,85
"Fortune Select SG Highway, Ahmedabad - Member ITC's hotel group",4.3,ahmedabad,4929,92
in&out AC Dormitory Ahmedabad,4.1,ahmedabad,646,77
Tribecca Select,4.3,ahmedabad,2097,16
BloomSuites | Ahmedabad,4.2,ahmedabad,4333,95
Deewanji Ni Haveli | Rooms & Restaurant,2.8,ahmedabad,5003,79
"Welcomhotel By ITC Hotels, Ashram Road, Ahmedabad",4.6,ahmedabad,5543,71
Hyatt Regency Ahmedabad,4.4,ahmedabad,6552,81
"Holiday Inn Amritsar Ranjit Avenue, an IHG Hotel",4.4,amritsar,6630,70
Regenta Central Amritsar,4.2,amritsar,5599,77
Fairfield by Marriott Amritsar,4.3,amritsar,5509,92
Regenta Central Amritsar,4.2,amritsar,4117,18
Courtyard by Marriott Amritsar,4.4,amritsar,6046,55
Hyatt Regency Amritsar,4.3,amritsar,8367,94
Fabhotels - Hotel Le Golden,3.8,amritsar,1326,94
Regenta Place Amritsar,4.2,amritsar,4321,83
Madpackers Amritsar,4.4,amritsar,732,37
"Taj Swarna, Amritsar",4.4,amritsar,11800,35
Ramada by Wyndham Amritsar,4.3,amritsar,6660,44
Treehouse London Street Amritsar,4.1,amritsar,2669,13
HolidayVilla Amritsar,4.9,amritsar,2455,86
"Holiday Inn Amritsar Ranjit Avenue, an IHG Hotel",4.4,amritsar,5991,29
Hotel Amritsar International,4,amritsar,1900,15
Hotel Anchit - Walking Distance To Golden Temple,4.4,amritsar,1176,41
Amritsar Grand Hotel By Levelup Hotels,4.8,amritsar,2306,29
BR Grand Amritsar,4.4,amritsar,2326,31
"Serenity Bangla, Amritsar",4.2,amritsar,2485,74
The Landmark Amritsar : Near Golden Temple,4.3,amritsar,3581,36
Hotel Sapphire Opposite Golden Temple,4.1,amritsar,2246,55
Shine Star By Tag Your Trip Near Golden Temple,3.8,amritsar,820,21
Amritsar Grand Hotel By Levelup Hotels,4.8,amritsar,2999,35
Fairfield by Marriott Amritsar,4.3,amritsar,6047,39
Hotel Nagpal REGENCY,3.9,ludhiana,2666,13
Hotel Gulmor - Hotel in Ludhiana,4,ludhiana,2472,3
"Radisson Blu Hotel, Ludhiana",4.4,ludhiana,7602,80
Hotel Brown,3.5,ludhiana,903,39
Clarks Inn Express Ludhiana,4.7,ludhiana,3948,63
Hotel Gulmor - Hotel in Ludhiana,4,ludhiana,3058,73
Keys Select Ludhiana - By Lemon Tree Hotels,3.9,ludhiana,3078,62
Hotel Ludhiana Regency,4.2,ludhiana,1562,14
Regenta Central Klassik,4.3,ludhiana,4941,71
The Palm Court,4.3,ludhiana,4326,26
Hotel Maharaja Regency,4.4,ludhiana,4792,49
Hotel The Retro Regency,4.4,ludhiana,1679,91
Hotel Kohinoor Palace & Banquets,3.9,ludhiana,1905,99
Park Plaza Ludhiana,4.2,ludhiana,8057,47
Leo Fort Hotel,3.9,ludhiana,2735,51
Hotel NAT GRAND REGENCY,5,ludhiana,2912,11
AAGAAZ Hotel,4.4,ludhiana,2615,14
Grand Marian Hotel,4.1,ludhiana,2995,46
Hyatt Regency Ludhiana,4.4,ludhiana,11266,44
Itsy By Treebo - P Grand,4,ludhiana,1733,32
The Stories,4,ludhiana,3359,2
Hotel Hyphen Premier,4.2,meerut,2094,52
CAPITAL O74359 Hotel Mukut Mahal,3.7,meerut,1370,61
Hotel travel inn,3.6,meerut,815,43
Hotel DownTown,4.1,meerut,947,20
Garden City Resorts | Rooms & Restaurant,3.8,meerut,3220,64
Hotel Hyphen Premier,4.2,meerut,2010,11
Crystal Palace,3.9,meerut,2673,91
CAPITAL O74359 Hotel Mukut Mahal,3.7,meerut,674,22
The Grand Alora | Best Family Restaurent in Meerut,4.7,meerut,2492,38
Hotel Green Embassy (Rooms and Restaurant),4.1,meerut,1814,33
-,3.9,meerut,4680,62
Hotel Samrat Heavens,3.6,meerut,2289,29
TIVOLI IMPERIAL RESORT,4.1,meerut,1803,49
3rd Milestone,4.4,meerut,2870,14
Green Serene Abode,4.9,meerut,2652,4
Crystal Palace,3.9,meerut,2923,78
Hotel Samrat Heavens,3.6,meerut,2298,97
Grand Mercure Vadodara Surya Palace,4.4,vadodara,4237,34
"The Fern - An Ecotel Hotel, Vadodara",4.2,vadodara,4535,36
Courtyard by Marriott Vadodara,4.5,vadodara,3920,67
Shagun Residency,3.5,vadodara,835,39
Agrawal bhavan guest house,3.5,vadodara,657,11
Grand Mercure Vadodara Surya Palace,4.4,vadodara,3770,75
Hotel Royal Vadodara,3.4,vadodara,883,44
Four Points by Sheraton Vadodara,4.2,vadodara,3919,70
Best Western Alkapuri,4,vadodara,1529,43
Hotel Ideal vadodara,3.9,vadodara,876,95
Kabir Hotel and Spa,4.4,vadodara,3240,51
Effotel By Sayaji Vadodara,4.4,vadodara,2874,24
Regenta Inn Vadodara,4,vadodara,2352,28
Sayaji Hotel Vadodara,4.4,vadodara,4659,25
Royal Orchid Central,4.2,vadodara,3031,99
7 Apple Hotel - Vadodara,4.4,vadodara,1352,51
Hotel Express Residency,4.2,vadodara,3106,14
Comfort Inn Donil,3.8,vadodara,2179,33
Vivanta Vadodara,4.4,vadodara,8476,9
Ginger Vadodara,3.9,vadodara,2462,29
Four Points by Sheraton Vadodara,4.2,vadodara,3920,81
Hotel Casa Vadodara (Treebo Trend Casa),3.9,vadodara,2400,59
Treebo Trip Kiran - Hotel in Raipur,4,raipur,2675,71
The Downton Hotel,4,raipur,3301,13
Hotel Meera,3.8,raipur,959,48
"Tulip Arena | Hotel, Club & Events by SGL |",4.6,raipur,2586,37
Le Roi Raipur Hotel,4.1,raipur,1789,21
Club Paraiso,4.3,raipur,2564,2
Aloha City Stay,4,raipur,808,3
Hotel Shivam Residency,3.9,raipur,1291,75
"Hotel Singhania Sarovar Portico,Raipur",4.1,raipur,4032,98
Hyatt Raipur,4.3,raipur,6188,97
Sayaji Hotel Raipur,4.3,raipur,4381,36
Shri Shiva Palace,3.7,raipur,736,16
Citrus Prime Raipur,4.2,raipur,2544,88
Hotel Vennington Court,4,raipur,3297,85
"Babylon International, Raipur",4.1,raipur,3977,13
Hotel Grand Canyon,3.9,raipur,4479,56
"Babylon Capital, Raipur",4.2,raipur,4875,45
Hotel Trimurti Inn,3.8,raipur,659,89
Hotel Punjab Palace,4,raipur,1583,11
Hotel Shanti Home,3.4,raipur,1391,31
Hotel Vennington Court,4,raipur,3297,85
Hotel Simran,4,raipur,1764,76
Treebo Trend C Plaza - MG Road Vijayawada,4.3,vijayawada,2235,49
Treebo Trend Alankar Inn,3.7,vijayawada,2769,45
Hotel Sree Vasudev,4.2,vijayawada,491,19
Hotel Kosala,4.3,vijayawada,1460,70
"Lemon Tree Premier,Vijayawada",4.4,vijayawada,4949,86
Hotel Mamata,3.5,vijayawada,944,46
Mango Hotels Vybrant,4.1,vijayawada,2486,79
New Continental Park Hotel,3.9,vijayawada,2100,6
"Red Fox Hotel, Vijayawada",4,vijayawada,3149,10
"PARK IRIS HOTELS, Vijayawada",4,vijayawada,2023,95
The Eden Park Boutique Hotel,4.4,vijayawada,1995,63
Hotel Sai Rama,4.4,vijayawada,1188,33
Hotel Minerva Grand Vijayawada,4,vijayawada,3126,65
Vishnu Paradise,4.1,vijayawada,1519,92
Hotel Aira,4.1,vijayawada,2704,92
"Vivanta Vijayawada, MG Road",4.3,vijayawada,6600,37
Hotel Manorama,4,vijayawada,3299,31
Haian - An Olive Tree Hotel - Hotel in Vijayawada,3.8,vijayawada,1901,69
Hotel SK Riverfront,4.2,vijayawada,1533,23
Treebo Trend Arka Vijayawada,4.5,vijayawada,2044,1
Hotel Park N,3.9,vijayawada,2776,79
Ibis Coimbatore City Centre,4.4,coimbatore,3472,17
Hash Six Hotels,4.2,coimbatore,3213,97
Hotel Grand Palace,4,coimbatore,1310,33
Holiday Residency,4.4,coimbatore,2874,13
IVY Residency,4.4,coimbatore,1316,2
"Crystal Lake Suites, Coimbatore",4.7,coimbatore,1806,20
Sugam Hotel Pvt Ltd,3.2,coimbatore,650,58
Hotel Lovely Nest,4,coimbatore,894,90
HOTEL RAAMUS,3.6,coimbatore,968,25
Hotel Thaai Coimbatore - Opposite Railway Station,3.9,coimbatore,1568,91
Hotel Vintage Castle,4.4,coimbatore,1592,59
Hotel Kooloth Lake View Residency,3.5,coimbatore,881,71
iStay - Hotels in Coimbatore,4.3,coimbatore,2502,67
Ibis Coimbatore City Centre,4.4,coimbatore,3437,63
Hotel Chanma International,3.4,coimbatore,1082,84
Chetinaad Courtyard,4.1,coimbatore,2500,30
"Welcomhotel By ITC Hotels, Race Course, Coimbatore- LEED® Platinum and Zero Carbon Certified Premium Hotel| Centrally located",4.5,coimbatore,5695,40
"HOTEL VIJAY PARK INN, RAMNAGAR, COIMBATORE, TAMILNADU",4.1,coimbatore,2177,8
"FabHotel Jansi Deluxe - Hotel in Gandhipuram, Coimbatore",3.2,coimbatore,1411,3
Plaza Inn,4,coimbatore,1646,31
IKON by Annapoorna,4.5,coimbatore,4278,87
Itsy By Treebo - Corner stay,3.8,coimbatore,2453,10
Hotel The Grand Palace,4.1,ghaziabad,2132,11
The Roseman Hotel & Suites,4.3,ghaziabad,2727,72
Taj Studios - Luxury Stay in Gaur City Mall (1st time in Greate Noida West),3.1,ghaziabad,2335,49
Mahagun Sarovar Portico Suites,4.1,ghaziabad,5040,55
Swiss Hotel,3.7,ghaziabad,1519,9
The Roseman Hotel & Suites,4.3,ghaziabad,2426,39
Hotel Royal Park,3.6,ghaziabad,2258,57
"Country Inn & Suites by Radisson, Sahibabad, Distt Ghaziabad (U.P.)",4.5,ghaziabad,8439,90
"Luxury Stay in Mall with PVR, Shopper Stop, Lifestyle, Food Court With All Brands",2.6,ghaziabad,2237,83
Green Palms Hotel,4.1,ghaziabad,4023,20
Hotel Krishna Sagar NH 24,3.7,ghaziabad,2170,74
Golden Tulip Vasundhara,4.1,ghaziabad,7370,71
Kinsfolk,4,ghaziabad,1275,97
Rosellia Banquets & Suites,4.5,ghaziabad,1904,9
Hotel frank Inn,3.6,ghaziabad,651,31
Hotel Royal Residency,3.6,ghaziabad,1600,64
Clarks Inn Kaushambi,3.2,ghaziabad,1791,63
Ace Manor (L'ELEGANT Hotel & Banquet),3.8,ghaziabad,1906,9
Hotel The Grand Palace,4.1,ghaziabad,2131,41
Hotel Krishna Sagar,4,ghaziabad,3819,48
Bharat Guest House by Golden Plate,4.2,ghaziabad,2464,36
Itsy by Treebo - Royal Galaxy,4,allahabad,1342,76
Hotel Ravisha Continental,4,allahabad,3486,25
Hotel Triveni Darshan,4.1,allahabad,1429,81
The Prayaraj House,3,allahabad,1216,12
Hotel Prayag,3.5,allahabad,1680,73
Grand Continental Hotel,4.1,allahabad,4309,21
"Hotel Kanha Shyam, Prayagraj",4.1,allahabad,4375,59
WelcomHeritage Badi Kothi,4.3,allahabad,6738,42
Hotel Hira Inn,4.8,allahabad,3226,98
Luxmi Hotel,2.9,allahabad,646,51
Hotel Milan (A Boutique Hotel),3.6,allahabad,1572,32
Hotel Haidri Inn,3.4,allahabad,569,68
Orchard One Hotel,3.9,allahabad,3040,33
City Hotel,3.1,allahabad,816,42
Hotel Fortune Suites,4.9,allahabad,1736,28
Hotel Prayag Inn,3.9,allahabad,2470,77
Advantage Inn,4.6,allahabad,2423,75
Landmark Inn,4.3,allahabad,2622,4
"Millennium Inn, Prayagraj",4.2,allahabad,4631,42
Stay Inn Hotel,3.7,allahabad,1535,3
Hotel Hira Inn,4.8,allahabad,4212,66
City Hotel,3.1,allahabad,817,30
Treebo Trend Grand Town House,4.2,faridabad,1578,73
Hotel Sewa Grand,3.6,faridabad,2963,49
Vibe By The LaLiT Traveller,4,faridabad,2763,22
Goldfinch Hotel Delhi NCR,3.9,faridabad,3829,16
Vivanta Surajkund,4.5,faridabad,6946,70
"Radisson Blu Hotel, Faridabad",4.6,faridabad,6437,87
Hotel Delite,3.9,faridabad,2940,76
Park Plaza Faridabad,4.1,faridabad,7252,89
Lavit Hotel,4.2,faridabad,2329,41
Sarovar Portico Surajkund,3.9,faridabad,4021,44
Ceremony Hotel and Banquets,4.1,faridabad,1282,72
Ginger Faridabad,3.6,faridabad,3023,80
Hotel Bay Laurel Retreat,4.3,faridabad,3724,74
SKY MANSION,4.3,faridabad,3344,98
Hotel View - A Boutique Hotel,4.2,faridabad,1337,40
Hotel Saffron Kiran,3.9,faridabad,3004,49
Vibe By The LaLiT Traveller,4,faridabad,3890,82
Goldfinch Hotel Delhi NCR,3.9,faridabad,5039,20
Canary Inn,3.9,hazaribagh,3483,21
Hotel Nikunj,4,hazaribagh,2722,52
Hotel Hill Side,3.8,hazaribagh,1411,85
Canary Inn,3.9,hazaribagh,3357,61
Hotel Skylok,3.3,hazaribagh,6771,24
Hotel Sri Vinayak,3.8,hazaribagh,4272,72
Hotel Aranya Vihar,4.2,hazaribagh,2563,15
Hotel Samrat Inn,3.6,hazaribagh,3515,72
Hotel AK International,3.6,hazaribagh,4060,5
Hotel Nikunj,4,hazaribagh,1845,13
Hotel Yamuna palace,3.6,hazaribagh,2079,35
Hotel Nandgaon & Highway Delight Veg. Restaurant,3.8,hazaribagh,1526,20
Hotel Bhandara Park,4,hazaribagh,2527,56
"Manokamna Restaurant, Bar & Lodge",3.7,hazaribagh,5123,42
"Manokamna Restaurant, Bar & Lodge",3.7,hazaribagh,5199,45
Hotel Aranya Vihar,4.2,hazaribagh,2600,84
Hotel Om Inn,4.9,gandhinagar,2240,92
Hotel The Grand Vinayak,4.3,gandhinagar,2034,30
Hotel Green City,4.2,gandhinagar,1818,73
Infocity Club And Resort,4.2,gandhinagar,3640,74
Hotel Prominent Corporate Residency,4.3,gandhinagar,4256,38
7 Wonders Hotel & Restaurant,4.1,gandhinagar,2190,33
Hotel The Grand Vinayak,4.3,gandhinagar,2034,35
Hotel Midway Residency,3.5,gandhinagar,1454,66
"Fortune Inn Haveli, Gandhinagar - Member ITC's hotel group",4.4,gandhinagar,7224,61
Skylon Hotel,4.4,gandhinagar,1698,67
The Leela Gandhinagar,4.6,gandhinagar,11682,64
Hotel Middletown,4,gandhinagar,1904,44
Super OYO Hotel Siddharth Inn,3.8,gandhinagar,1315,76
Cambay Sapphire Gandhinagar,3.4,gandhinagar,4284,85
Hotel Berlin - Gandhinagar,3.8,gandhinagar,1853,35
Hotel tulsi palace,3.7,gandhinagar,1230,45
Hotel President Inn,3.8,gandhinagar,2194,90
"FabHotel Siddharth Corporate - Hotels in Vavol, Gandhinagar",4.2,gandhinagar,1916,45
HOTEL HILL CITY,4.4,gandhinagar,2240,3
Hotel Om Inn,4.9,gandhinagar,2240,39
Perfect Room in Perfect Bungalow,3.6,gandhinagar,3710,22
Rooms in a Fully Furnished Bungalow,4.1,gandhinagar,5600,20
FabHotel Prime Blue Moon,4.2,gandhinagar,3312,90
Hotel Siddharth inn,3.9,gandhinagar,2333,54
Hotel TRIDEV,4,varanasi,3808,66
"Hotel Surya, Kaiser Palace",4.2,varanasi,4214,30
Varanasi Villa,4.4,varanasi,2778,45
Hotel Four Element,4.4,varanasi,3566,88
goSTOPS Varanasi,4.2,varanasi,978,35
Radisson Hotel Varanasi,4.2,varanasi,7824,3
Pearl Courtyard,4.3,varanasi,6957,27
Hotel Yash Residency Near Assi Ghat & BHU,3.8,varanasi,1338,51
Royal Guest House,4.1,varanasi,1009,36
Hotel Satkar,4.8,varanasi,2528,99
"Rahi Tourist Bungalow, Varanasi",3.9,varanasi,1082,97
"Hotel Surya, Kaiser Palace",4.2,varanasi,4212,32
The Pinnacle Inn Sarnath - Best 4 Star Hotel in Sarnath,4.1,varanasi,4627,24
Hotel Costa River,4,varanasi,3020,83
Green Villa Kashi,3.1,varanasi,1313,81
BlueBells Varanasi,3.3,varanasi,2700,95
Hotel Ganges Grand - Varanasi,4,varanasi,5914,77
Hotel Le Lotus Grand,4.2,varanasi,2889,11
Family Guest House,4.5,varanasi,725,56
Leela Guest House,3.6,varanasi,914,58
Villa Benares,4.2,varanasi,2910,78
Hotel Uday Palace Varanasi,4.1,varanasi,2922,93
Hotel Radiance Courtyard,4.4,varanasi,3941,78
Hotel Four Element,4.4,varanasi,3566,21
"The Fern Residency, Noida",4.1,noida,5278,91
Treebo Trend Noida Grand,4,noida,2371,23
Noida Suites,3.7,noida,2036,68
Radisson Noida,4.3,noida,3584,38
"The Fern Residency, Noida",4.1,noida,4677,39
Regenta Central Noida,3.8,noida,4255,65
Taj Studios Private Luxury Studio Apartment Central Noida,2.9,noida,2081,33
Hotel White Castle,3.9,noida,800,47
"Fortune Sector 27, Noida - Member ITC's hotel group",4.1,noida,7196,65
Hyphen Business Hotels,3.8,noida,2487,94
Park Ascent,4.2,noida,6215,24
Mosaic Hotel Noida,4.1,noida,6946,44
The Taj Studios .Com,4,noida,2535,20
Shacon Suites,4.6,noida,2785,29
The G8,4,noida,4616,23
Hotel Noida International,3.6,noida,1288,46
Hotel The Emporio A Corporate Suites,4.9,noida,3347,58
Hotel Malhar Haveli,4.2,noida,3239,47
Ahuja Residency Noida,4.3,noida,3351,69
The Amaya Inn,4,noida,2427,95
Treebo Trend House Inn - Hotel in Noida,3.7,noida,2378,21
Hotel Tri Sea,4.1,kanyakumari,2215,91
Hotel Ocean Heritage,4,kanyakumari,2800,74
Hotel Sea Land,4.4,kanyakumari,1738,22
The Gopinivas Grand,4.5,kanyakumari,2240,68
Sparsa Kanyakumari,3.8,kanyakumari,2192,19
New Cape Hotel,3.9,kanyakumari,1177,36
Arunachala Inn,4.5,kanyakumari,2015,58
Hotel Melody Park,4,kanyakumari,1016,13
Hotel Sivamurugan Kanyakumari,4,kanyakumari,1357,42
Hotel Sea View,4,kanyakumari,4845,29
Hotel Sky Ark,4,kanyakumari,743,76
KKM Kanyakumari,4.4,kanyakumari,1179,3
Hotel Samudra,3.9,kanyakumari,2019,27
Hotel Sunview,3.9,kanyakumari,1773,24
The Coral - Kanyakumari,4.4,kanyakumari,3495,70
Hotel Sun Park,3.9,kanyakumari,1769,90
Hotel Ocean Heritage,4,kanyakumari,2335,94
"TTDC Hotel Tamil Nadu, Kanyakumari",4.5,kanyakumari,2730,45
Hotel Singaar International,3.5,kanyakumari,2350,17
Hotel Tri Sea,4.1,kanyakumari,1756,63
Rehoboth Home Stay - Deluxe Double or Twin Room,4,kanyakumari,1427,47
Hotel Sea Land,4.4,kanyakumari,1792,92
Hotel Samudra,3.9,kanyakumari,2019,11
Zostel Srinagar,4.5,kashmir,2690,88
"The Montreal, Srinagar- Best Hotels/4 Star Hotels/Hotel Near Dal Lake/Hotel Near Mughal Garden",4.4,kashmir,8991,15
Floating Heaven Group Of House Boats,4.3,kashmir,5306,30
Naaz Kashmir (A Luxury Houseboat),3.3,kashmir,11968,21
Taj Palace Group Of House Boats,2.6,kashmir,1390,85
Colonels Retreat,4.8,kashmir,2100,80
Zostel Srinagar,4.5,kashmir,1853,6
Taj Palace Group of House Boats,3.5,kashmir,1359,85
"Vivanta Dal View, Srinagar",4.5,kashmir,28656,30
The Khyber Himalayan Resort & Spa,4.6,kashmir,53089,55
Jamal Resorts,4,kashmir,4215,24
Hotel Village Walk,4.4,kashmir,9010,20
Hotel Lidder Spring Resorts,4.4,kashmir,6850,68
"The Orchard Retreat & Spa, Srinagar",4.3,kashmir,13794,5
Hotel New Green View Srinagar (Ghulam),3.8,kashmir,723,46
Hotel Taj Residency,3.8,kashmir,2290,38
Hotel Himalayan Resort,4.1,kashmir,3920,58
Taj Palace Houseboat || Kashmir Glory Travels,4.1,kashmir,2097,54
Royal Hillton Pahalgam,4.3,kashmir,24156,45
"Welcomhotel By ITC Hotels, Pine N Peak, Pahalgam - Premium Resort Overlooking Lidder River And Snow Topped Mountains",4.7,kashmir,26296,62
Hotel Heevan,4.2,kashmir,64900,57
The LaLiT Grand Palace Srinagar,4.3,kashmir,25370,71
"Radisson Blu Hotel, Jammu",4.3,kashmir,6440,35
"The Orchard Retreat & Spa, Srinagar",4.3,kashmir,14172,46
"Summit Namnang Courtyard & Spa, Gangtok",4.1,sikkim,4846,81
Denzong Regency,4.5,sikkim,10620,71
Yangsan Heritage Farm | Rooms & Guided Treks,4.9,sikkim,4662,92
The Barfung Retreat,4.2,sikkim,3077,94
"Karma Casa, Gangtok",4.4,sikkim,3086,67
The Whistling Thrush,4.8,sikkim,3180,4
Magpie Pachhu Village Resort,4.3,sikkim,4391,19
"MAYFAIR Spa Resort & Casino, Gangtok",4.4,sikkim,9800,83
Kaya Gantavya Resort & Spa | Pelling,4.6,sikkim,5643,23
Great Eastern Valley Residency,4.3,sikkim,769,87
"Udaan Hotels | Alpine Resort, Gangtok",4.6,sikkim,3360,96
"Vivanta Sikkim, Pakyong",4.4,sikkim,12980,39
Garden Retreat Hotel,4.1,sikkim,1050,11
Central Hill Resort The Mall Road Gangtok,3.5,sikkim,1340,97
Superview Waterfall Homestay Rumtek,4.2,sikkim,560,100
Zemu Gangtok,4.7,sikkim,1098,88
Divine's The Elite Zong,4.5,sikkim,1290,93
Hotel Alpha Omega,5,sikkim,930,1
Hotel Sonam Delek,4.3,sikkim,1248,89
Sikkim Tourist Center,4.3,sikkim,4914,3
Sterling Gangtok - Orange Village,4,sikkim,9186,45
SS BeachResort,4,varkala,2160,48
Sajjoys Varkala,4.7,varkala,7018,54
Clafouti Beach Resort,4.1,varkala,4556,63
Zostel Varkala,4.6,varkala,1790,74
Garden Bay Resort,4.5,varkala,1997,38
"The Lost Hostels, Varkala - Helipad",4.5,varkala,1113,89
SANDRA Eco Beach Resort,4.7,varkala,2800,71
Nebo hotel,4.2,varkala,3830,68
"Elixir Cliff Beach Resort and Spa,Varkala",4.5,varkala,8048,67
Kerala Bamboo House,4.1,varkala,1043,36
Green Bay resort,4.4,varkala,1792,95
Sunview Beach Resort & Spa by Citrine,4,varkala,5067,56
Tropical Temple,4.8,varkala,1814,17
Sand Castle Varkala,4.5,varkala,2018,18
"Soul, Varkala - Black Beach",4.3,varkala,1120,20
Paradise Inn Beach Resort,4.6,varkala,1442,44
Rachanas Black Beach Resort,3.8,varkala,1999,76
Hindustan Beach Retreat,4,varkala,6071,88
Mango Villa - Double or Twin Room with Garden View,4.7,varkala,2768,80
THE VILLAGE,3,varkala,2576,62
Clafouti Beach Resort,4.1,varkala,4556,89
"The Lost Hostels, Varkala - Helipad",4.5,varkala,1304,11
